id,application,module,feature,role,status,reason,evidence
"QA-0001","Customer","Authentication","Successful login","CUSTOMER","BLOCKED","No authenticated browser session: incorrect backend/CORS and unusable repository QA credential; do not bypass.",""
"QA-0002","Customer","Authentication","Session restore","CUSTOMER","BLOCKED","No authenticated browser session: incorrect backend/CORS and unusable repository QA credential; do not bypass.",""
"QA-0003","Customer","Authentication","Refresh authenticated page","CUSTOMER","BLOCKED","No authenticated browser session: incorrect backend/CORS and unusable repository QA credential; do not bypass.",""
"QA-0004","Customer","Authentication","Logout","CUSTOMER","BLOCKED","No authenticated browser session: incorrect backend/CORS and unusable repository QA credential; do not bypass.",""
"QA-0005","Customer","Authentication","Protected route after logout","CUSTOMER","BLOCKED","No authenticated browser session: incorrect backend/CORS and unusable repository QA credential; do not bypass.",""
"QA-0006","Customer","Authentication","Invalid password messaging from server","CUSTOMER","BLOCKED","No authenticated browser session: incorrect backend/CORS and unusable repository QA credential; do not bypass.",""
"QA-0007","Customer","Authentication","Duplicate login server handling","CUSTOMER","BLOCKED","No authenticated browser session: incorrect backend/CORS and unusable repository QA credential; do not bypass.",""
"QA-0008","Customer","Authentication","New authenticated tab","CUSTOMER","BLOCKED","No authenticated browser session: incorrect backend/CORS and unusable repository QA credential; do not bypass.",""
"QA-0009","Customer","Authentication","Login with spaced email","CUSTOMER","BLOCKED","No authenticated browser session: incorrect backend/CORS and unusable repository QA credential; do not bypass.",""
"QA-0010","Customer","Authentication","Expired session","CUSTOMER","BLOCKED","No authenticated browser session: incorrect backend/CORS and unusable repository QA credential; do not bypass.",""
"QA-0011","Customer","Authentication","Skip onboarding reaches login","CUSTOMER","PASS","Observed state change or validation; scope limited to described assertion","2026-09-13T16-09-59-533Z/results.json; 2026-09-13T16-05-36-434Z/customer-actions.json; 2026-09-13T15-55-49-652Z/customer-empty.json"
"QA-0012","Customer","Authentication","Next opens second onboarding screen","CUSTOMER","PASS","Observed state change or validation; scope limited to described assertion","2026-09-13T16-09-59-533Z/results.json; 2026-09-13T16-05-36-434Z/customer-actions.json; 2026-09-13T15-55-49-652Z/customer-empty.json"
"QA-0013","Customer","Authentication","Empty login click shows validation","CUSTOMER","PASS","Observed state change or validation; scope limited to described assertion","2026-09-13T16-09-59-533Z/results.json; 2026-09-13T16-05-36-434Z/customer-actions.json; 2026-09-13T15-55-49-652Z/customer-empty.json"
"QA-0014","Customer","Authentication","Empty login Space shows validation","CUSTOMER","PASS","Observed state change or validation; scope limited to described assertion","2026-09-13T16-09-59-533Z/results.json; 2026-09-13T16-05-36-434Z/customer-actions.json; 2026-09-13T15-55-49-652Z/customer-empty.json"
"QA-0015","Customer","Authentication","Registration entry","CUSTOMER","PASS","Observed state change or validation; scope limited to described assertion","2026-09-13T16-09-59-533Z/results.json; 2026-09-13T16-05-36-434Z/customer-actions.json; 2026-09-13T15-55-49-652Z/customer-empty.json"
"QA-0016","Customer","Authentication","Registration return link","CUSTOMER","PASS","Observed state change or validation; scope limited to described assertion","2026-09-13T16-09-59-533Z/results.json; 2026-09-13T16-05-36-434Z/customer-actions.json; 2026-09-13T15-55-49-652Z/customer-empty.json"
"QA-0017","Customer","Authentication","Registration back arrow","CUSTOMER","PASS","Observed state change or validation; scope limited to described assertion","2026-09-13T16-09-59-533Z/results.json; 2026-09-13T16-05-36-434Z/customer-actions.json; 2026-09-13T15-55-49-652Z/customer-empty.json"
"QA-0018","Customer","Authentication","Required full name validation","CUSTOMER","PASS","Observed state change or validation; scope limited to described assertion","2026-09-13T16-09-59-533Z/results.json; 2026-09-13T16-05-36-434Z/customer-actions.json; 2026-09-13T15-55-49-652Z/customer-empty.json"
"QA-0019","Customer","Authentication","Required email validation","CUSTOMER","PASS","Observed state change or validation; scope limited to described assertion","2026-09-13T16-09-59-533Z/results.json; 2026-09-13T16-05-36-434Z/customer-actions.json; 2026-09-13T15-55-49-652Z/customer-empty.json"
"QA-0020","Customer","Authentication","Malformed registration email validation","CUSTOMER","PASS","Observed state change or validation; scope limited to described assertion","2026-09-13T16-09-59-533Z/results.json; 2026-09-13T16-05-36-434Z/customer-actions.json; 2026-09-13T15-55-49-652Z/customer-empty.json"
"QA-0021","Customer","Authentication","Invalid registration phone validation","CUSTOMER","PASS","Observed state change or validation; scope limited to described assertion","2026-09-13T16-09-59-533Z/results.json; 2026-09-13T16-05-36-434Z/customer-actions.json; 2026-09-13T15-55-49-652Z/customer-empty.json"
"QA-0022","Customer","Authentication","Offline login shows Network Error without authenticated state","CUSTOMER","PASS","Observed state change or validation; scope limited to described assertion","2026-09-13T16-09-59-533Z/results.json; 2026-09-13T16-05-36-434Z/customer-actions.json; 2026-09-13T15-55-49-652Z/customer-empty.json"
"QA-0023","Customer","Authentication","Offline double click emits one login attempt","CUSTOMER","PASS","Observed state change or validation; scope limited to described assertion","2026-09-13T16-09-59-533Z/results.json; 2026-09-13T16-05-36-434Z/customer-actions.json; 2026-09-13T15-55-49-652Z/customer-empty.json"
"QA-0024","Customer","Authentication","Browser email login integration","CUSTOMER","FAIL","BUG-PROD-BACKEND-001; current backend preflight rejects customer origin","2026-09-13T15-55-49-652Z/customer-login.json"
"QA-0025","Customer","Authentication","Google sign-in configuration feedback","CUSTOMER","FAIL","BUG-PROD-CUSTOMER-001/002: missing client ID exposes setup message; login arrow produces no navigation","2026-09-13T16-00-43-794Z/customer-actions.json; 2026-09-13T16-05-36-434Z/customer-actions.json"
"QA-0026","Customer","Authentication","Login back arrow navigation","CUSTOMER","FAIL","BUG-PROD-CUSTOMER-001/002: missing client ID exposes setup message; login arrow produces no navigation","2026-09-13T16-00-43-794Z/customer-actions.json; 2026-09-13T16-05-36-434Z/customer-actions.json"
"QA-0027","Customer","Authentication","Password visibility toggle","CUSTOMER","NOT APPLICABLE","No visibility toggle; deployed customer UI explicitly says OTP login coming later","2026-09-13T15-52-45-611Z/customer-04-registration.json"
"QA-0028","Customer","Authentication","Customer OTP resend/expiry/incorrect code","CUSTOMER","NOT APPLICABLE","No visibility toggle; deployed customer UI explicitly says OTP login coming later","2026-09-13T15-52-45-611Z/customer-04-registration.json"
"QA-0029","Customer","Authentication","Enter from password input submits login","CUSTOMER","NOT TESTED","Key was pressed but no action observed; keyboard submission contract not established","2026-09-13T16-09-59-533Z/results.json"
"QA-0030","Customer","Registration","Create account persisted","CUSTOMER","BLOCKED","Registration completion unavailable; password probes stopped at phone validation and do not establish password validator behavior","2026-09-13T16-09-59-533Z/results.json"
"QA-0031","Customer","Registration","Duplicate account","CUSTOMER","BLOCKED","Registration completion unavailable; password probes stopped at phone validation and do not establish password validator behavior","2026-09-13T16-09-59-533Z/results.json"
"QA-0032","Customer","Registration","Profile creation","CUSTOMER","BLOCKED","Registration completion unavailable; password probes stopped at phone validation and do not establish password validator behavior","2026-09-13T16-09-59-533Z/results.json"
"QA-0033","Customer","Registration","Password length","CUSTOMER","BLOCKED","Registration completion unavailable; password probes stopped at phone validation and do not establish password validator behavior","2026-09-13T16-09-59-533Z/results.json"
"QA-0034","Customer","Registration","Password mismatch","CUSTOMER","BLOCKED","Registration completion unavailable; password probes stopped at phone validation and do not establish password validator behavior","2026-09-13T16-09-59-533Z/results.json"
"QA-0035","Customer","Registration","Long values","CUSTOMER","BLOCKED","Registration completion unavailable; password probes stopped at phone validation and do not establish password validator behavior","2026-09-13T16-09-59-533Z/results.json"
"QA-0036","Customer","Registration","Unicode values","CUSTOMER","BLOCKED","Registration completion unavailable; password probes stopped at phone validation and do not establish password validator behavior","2026-09-13T16-09-59-533Z/results.json"
"QA-0037","Customer","Registration","Registration duplicate submit","CUSTOMER","BLOCKED","Registration completion unavailable; password probes stopped at phone validation and do not establish password validator behavior","2026-09-13T16-09-59-533Z/results.json"
"QA-0038","Customer","Home","Header actions","CUSTOMER","BLOCKED","No authenticated browser session: incorrect backend/CORS and unusable repository QA credential; do not bypass.",""
"QA-0039","Customer","Home","Location/address selector","CUSTOMER","BLOCKED","No authenticated browser session: incorrect backend/CORS and unusable repository QA credential; do not bypass.",""
"QA-0040","Customer","Home","Home search","CUSTOMER","BLOCKED","No authenticated browser session: incorrect backend/CORS and unusable repository QA credential; do not bypass.",""
"QA-0041","Customer","Home","Category cards","CUSTOMER","BLOCKED","No authenticated browser session: incorrect backend/CORS and unusable repository QA credential; do not bypass.",""
"QA-0042","Customer","Home","Featured products","CUSTOMER","BLOCKED","No authenticated browser session: incorrect backend/CORS and unusable repository QA credential; do not bypass.",""
"QA-0043","Customer","Home","Featured services","CUSTOMER","BLOCKED","No authenticated browser session: incorrect backend/CORS and unusable repository QA credential; do not bypass.",""
"QA-0044","Customer","Home","Every product/service card","CUSTOMER","BLOCKED","No authenticated browser session: incorrect backend/CORS and unusable repository QA credential; do not bypass.",""
"QA-0045","Customer","Home","Bottom navigation","CUSTOMER","BLOCKED","No authenticated browser session: incorrect backend/CORS and unusable repository QA credential; do not bypass.",""
"QA-0046","Customer","Home","Loading states","CUSTOMER","BLOCKED","No authenticated browser session: incorrect backend/CORS and unusable repository QA credential; do not bypass.",""
"QA-0047","Customer","Home","Empty states","CUSTOMER","BLOCKED","No authenticated browser session: incorrect backend/CORS and unusable repository QA credential; do not bypass.",""
"QA-0048","Customer","Home","API-backed content comparison","CUSTOMER","BLOCKED","No authenticated browser session: incorrect backend/CORS and unusable repository QA credential; do not bypass.",""
"QA-0049","Customer","Home","Refresh behavior","CUSTOMER","BLOCKED","No authenticated browser session: incorrect backend/CORS and unusable repository QA credential; do not bypass.",""
"QA-0050","Customer","Home","Notifications","CUSTOMER","BLOCKED","No authenticated browser session: incorrect backend/CORS and unusable repository QA credential; do not bypass.",""
"QA-0051","Customer","Catalog","Category browse","CUSTOMER","BLOCKED","No authenticated browser session: incorrect backend/CORS and unusable repository QA credential; do not bypass.",""
"QA-0052","Customer","Catalog","Product list","CUSTOMER","BLOCKED","No authenticated browser session: incorrect backend/CORS and unusable repository QA credential; do not bypass.",""
"QA-0053","Customer","Catalog","Product detail","CUSTOMER","BLOCKED","No authenticated browser session: incorrect backend/CORS and unusable repository QA credential; do not bypass.",""
"QA-0054","Customer","Catalog","UI search empty","CUSTOMER","BLOCKED","No authenticated browser session: incorrect backend/CORS and unusable repository QA credential; do not bypass.",""
"QA-0055","Customer","Catalog","UI search partial","CUSTOMER","BLOCKED","No authenticated browser session: incorrect backend/CORS and unusable repository QA credential; do not bypass.",""
"QA-0056","Customer","Catalog","UI search case","CUSTOMER","BLOCKED","No authenticated browser session: incorrect backend/CORS and unusable repository QA credential; do not bypass.",""
"QA-0057","Customer","Catalog","UI search special characters","CUSTOMER","BLOCKED","No authenticated browser session: incorrect backend/CORS and unusable repository QA credential; do not bypass.",""
"QA-0058","Customer","Catalog","Filters","CUSTOMER","BLOCKED","No authenticated browser session: incorrect backend/CORS and unusable repository QA credential; do not bypass.",""
"QA-0059","Customer","Catalog","Sorting","CUSTOMER","BLOCKED","No authenticated browser session: incorrect backend/CORS and unusable repository QA credential; do not bypass.",""
"QA-0060","Customer","Catalog","Out of stock","CUSTOMER","BLOCKED","No authenticated browser session: incorrect backend/CORS and unusable repository QA credential; do not bypass.",""
"QA-0061","Customer","Catalog","Low stock","CUSTOMER","BLOCKED","No authenticated browser session: incorrect backend/CORS and unusable repository QA credential; do not bypass.",""
"QA-0062","Customer","Catalog","Quantity selection","CUSTOMER","BLOCKED","No authenticated browser session: incorrect backend/CORS and unusable repository QA credential; do not bypass.",""
"QA-0063","Customer","Catalog","Back navigation","CUSTOMER","BLOCKED","No authenticated browser session: incorrect backend/CORS and unusable repository QA credential; do not bypass.",""
"QA-0064","Customer","Catalog","Refresh","CUSTOMER","BLOCKED","No authenticated browser session: incorrect backend/CORS and unusable repository QA credential; do not bypass.",""
"QA-0065","Customer","Catalog","Display-to-API match","CUSTOMER","BLOCKED","No authenticated browser session: incorrect backend/CORS and unusable repository QA credential; do not bypass.",""
"QA-0066","Customer","Cart","Add product","CUSTOMER","BLOCKED","No authenticated browser session: incorrect backend/CORS and unusable repository QA credential; do not bypass.",""
"QA-0067","Customer","Cart","Multiple products","CUSTOMER","BLOCKED","No authenticated browser session: incorrect backend/CORS and unusable repository QA credential; do not bypass.",""
"QA-0068","Customer","Cart","Increase quantity","CUSTOMER","BLOCKED","No authenticated browser session: incorrect backend/CORS and unusable repository QA credential; do not bypass.",""
"QA-0069","Customer","Cart","Decrease quantity","CUSTOMER","BLOCKED","No authenticated browser session: incorrect backend/CORS and unusable repository QA credential; do not bypass.",""
"QA-0070","Customer","Cart","Remove item","CUSTOMER","BLOCKED","No authenticated browser session: incorrect backend/CORS and unusable repository QA credential; do not bypass.",""
"QA-0071","Customer","Cart","Remove final item","CUSTOMER","BLOCKED","No authenticated browser session: incorrect backend/CORS and unusable repository QA credential; do not bypass.",""
"QA-0072","Customer","Cart","Persist cart","CUSTOMER","BLOCKED","No authenticated browser session: incorrect backend/CORS and unusable repository QA credential; do not bypass.",""
"QA-0073","Customer","Cart","Duplicate product","CUSTOMER","BLOCKED","No authenticated browser session: incorrect backend/CORS and unusable repository QA credential; do not bypass.",""
"QA-0074","Customer","Cart","Stock limit","CUSTOMER","BLOCKED","No authenticated browser session: incorrect backend/CORS and unusable repository QA credential; do not bypass.",""
"QA-0075","Customer","Cart","Zero quantity","CUSTOMER","BLOCKED","No authenticated browser session: incorrect backend/CORS and unusable repository QA credential; do not bypass.",""
"QA-0076","Customer","Cart","Negative quantity","CUSTOMER","BLOCKED","No authenticated browser session: incorrect backend/CORS and unusable repository QA credential; do not bypass.",""
"QA-0077","Customer","Cart","Subtotal arithmetic","CUSTOMER","BLOCKED","No authenticated browser session: incorrect backend/CORS and unusable repository QA credential; do not bypass.",""
"QA-0078","Customer","Cart","Total arithmetic","CUSTOMER","BLOCKED","No authenticated browser session: incorrect backend/CORS and unusable repository QA credential; do not bypass.",""
"QA-0079","Customer","Cart","Tax/charges","CUSTOMER","BLOCKED","No authenticated browser session: incorrect backend/CORS and unusable repository QA credential; do not bypass.",""
"QA-0080","Customer","Cart","Empty cart","CUSTOMER","BLOCKED","No authenticated browser session: incorrect backend/CORS and unusable repository QA credential; do not bypass.",""
"QA-0081","Customer","Addresses","Address list","CUSTOMER","BLOCKED","No authenticated browser session: incorrect backend/CORS and unusable repository QA credential; do not bypass.",""
"QA-0082","Customer","Addresses","Add","CUSTOMER","BLOCKED","No authenticated browser session: incorrect backend/CORS and unusable repository QA credential; do not bypass.",""
"QA-0083","Customer","Addresses","Edit","CUSTOMER","BLOCKED","No authenticated browser session: incorrect backend/CORS and unusable repository QA credential; do not bypass.",""
"QA-0084","Customer","Addresses","Delete","CUSTOMER","BLOCKED","No authenticated browser session: incorrect backend/CORS and unusable repository QA credential; do not bypass.",""
"QA-0085","Customer","Addresses","Default","CUSTOMER","BLOCKED","No authenticated browser session: incorrect backend/CORS and unusable repository QA credential; do not bypass.",""
"QA-0086","Customer","Addresses","Required fields","CUSTOMER","BLOCKED","No authenticated browser session: incorrect backend/CORS and unusable repository QA credential; do not bypass.",""
"QA-0087","Customer","Addresses","Invalid postal code","CUSTOMER","BLOCKED","No authenticated browser session: incorrect backend/CORS and unusable repository QA credential; do not bypass.",""
"QA-0088","Customer","Addresses","Long values","CUSTOMER","BLOCKED","No authenticated browser session: incorrect backend/CORS and unusable repository QA credential; do not bypass.",""
"QA-0089","Customer","Addresses","Special characters","CUSTOMER","BLOCKED","No authenticated browser session: incorrect backend/CORS and unusable repository QA credential; do not bypass.",""
"QA-0090","Customer","Addresses","Blank fields","CUSTOMER","BLOCKED","No authenticated browser session: incorrect backend/CORS and unusable repository QA credential; do not bypass.",""
"QA-0091","Customer","Addresses","Duplicate address","CUSTOMER","BLOCKED","No authenticated browser session: incorrect backend/CORS and unusable repository QA credential; do not bypass.",""
"QA-0092","Customer","Addresses","Refresh persistence","CUSTOMER","BLOCKED","No authenticated browser session: incorrect backend/CORS and unusable repository QA credential; do not bypass.",""
"QA-0093","Customer","Checkout","Store selection","CUSTOMER","BLOCKED","No authenticated browser session: incorrect backend/CORS and unusable repository QA credential; do not bypass.",""
"QA-0094","Customer","Checkout","Inventory reservation","CUSTOMER","BLOCKED","No authenticated browser session: incorrect backend/CORS and unusable repository QA credential; do not bypass.",""
"QA-0095","Customer","Checkout","Quantity correctness","CUSTOMER","BLOCKED","No authenticated browser session: incorrect backend/CORS and unusable repository QA credential; do not bypass.",""
"QA-0096","Customer","Checkout","Price correctness","CUSTOMER","BLOCKED","No authenticated browser session: incorrect backend/CORS and unusable repository QA credential; do not bypass.",""
"QA-0097","Customer","Checkout","Total correctness","CUSTOMER","BLOCKED","No authenticated browser session: incorrect backend/CORS and unusable repository QA credential; do not bypass.",""
"QA-0098","Customer","Checkout","Confirmation","CUSTOMER","BLOCKED","No authenticated browser session: incorrect backend/CORS and unusable repository QA credential; do not bypass.",""
"QA-0099","Customer","Checkout","Failure handling","CUSTOMER","BLOCKED","No authenticated browser session: incorrect backend/CORS and unusable repository QA credential; do not bypass.",""
"QA-0100","Customer","Checkout","Duplicate submit","CUSTOMER","BLOCKED","No authenticated browser session: incorrect backend/CORS and unusable repository QA credential; do not bypass.",""
"QA-0101","Customer","Checkout","Network interruption","CUSTOMER","BLOCKED","No authenticated browser session: incorrect backend/CORS and unusable repository QA credential; do not bypass.",""
"QA-0102","Customer","Checkout","Deferred payments","CUSTOMER","NOT APPLICABLE","Payments excluded by requested test scope unless enabled; enabled payment flow not established",""
"QA-0103","Customer","Service request","Service type","CUSTOMER","BLOCKED","No authenticated browser session: incorrect backend/CORS and unusable repository QA credential; do not bypass.",""
"QA-0104","Customer","Service request","Description","CUSTOMER","BLOCKED","No authenticated browser session: incorrect backend/CORS and unusable repository QA credential; do not bypass.",""
"QA-0105","Customer","Service request","Address selection","CUSTOMER","BLOCKED","No authenticated browser session: incorrect backend/CORS and unusable repository QA credential; do not bypass.",""
"QA-0106","Customer","Service request","Validation","CUSTOMER","BLOCKED","No authenticated browser session: incorrect backend/CORS and unusable repository QA credential; do not bypass.",""
"QA-0107","Customer","Service request","Submission","CUSTOMER","BLOCKED","No authenticated browser session: incorrect backend/CORS and unusable repository QA credential; do not bypass.",""
"QA-0108","Customer","Service request","Duplicate submission","CUSTOMER","BLOCKED","No authenticated browser session: incorrect backend/CORS and unusable repository QA credential; do not bypass.",""
"QA-0109","Customer","Service request","Request detail","CUSTOMER","BLOCKED","No authenticated browser session: incorrect backend/CORS and unusable repository QA credential; do not bypass.",""
"QA-0110","Customer","Service request","Status","CUSTOMER","BLOCKED","No authenticated browser session: incorrect backend/CORS and unusable repository QA credential; do not bypass.",""
"QA-0111","Customer","Service request","Assigned plumber","CUSTOMER","BLOCKED","No authenticated browser session: incorrect backend/CORS and unusable repository QA credential; do not bypass.",""
"QA-0112","Customer","Service request","Full lifecycle","CUSTOMER","BLOCKED","No authenticated browser session: incorrect backend/CORS and unusable repository QA credential; do not bypass.",""
"QA-0113","Customer","Order tracking/completion","Actual backend state mapping","CUSTOMER","BLOCKED","No authenticated browser session: incorrect backend/CORS and unusable repository QA credential; do not bypass.",""
"QA-0114","Customer","Order tracking/completion","Assigned state","CUSTOMER","BLOCKED","No authenticated browser session: incorrect backend/CORS and unusable repository QA credential; do not bypass.",""
"QA-0115","Customer","Order tracking/completion","Arrival state","CUSTOMER","BLOCKED","No authenticated browser session: incorrect backend/CORS and unusable repository QA credential; do not bypass.",""
"QA-0116","Customer","Order tracking/completion","Diagnosis state","CUSTOMER","BLOCKED","No authenticated browser session: incorrect backend/CORS and unusable repository QA credential; do not bypass.",""
"QA-0117","Customer","Order tracking/completion","Materials state","CUSTOMER","BLOCKED","No authenticated browser session: incorrect backend/CORS and unusable repository QA credential; do not bypass.",""
"QA-0118","Customer","Order tracking/completion","Resumed state","CUSTOMER","BLOCKED","No authenticated browser session: incorrect backend/CORS and unusable repository QA credential; do not bypass.",""
"QA-0119","Customer","Order tracking/completion","Completed state","CUSTOMER","BLOCKED","No authenticated browser session: incorrect backend/CORS and unusable repository QA credential; do not bypass.",""
"QA-0120","Customer","Order tracking/completion","Completion detail","CUSTOMER","BLOCKED","No authenticated browser session: incorrect backend/CORS and unusable repository QA credential; do not bypass.",""
"QA-0121","Customer","Order tracking/completion","Customer confirmation","CUSTOMER","BLOCKED","No authenticated browser session: incorrect backend/CORS and unusable repository QA credential; do not bypass.",""
"QA-0122","Customer","Order tracking/completion","Rating","CUSTOMER","BLOCKED","No authenticated browser session: incorrect backend/CORS and unusable repository QA credential; do not bypass.",""
"QA-0123","Customer","Order tracking/completion","Review","CUSTOMER","BLOCKED","No authenticated browser session: incorrect backend/CORS and unusable repository QA credential; do not bypass.",""
"QA-0124","Customer","Order tracking/completion","Duplicate rating","CUSTOMER","BLOCKED","No authenticated browser session: incorrect backend/CORS and unusable repository QA credential; do not bypass.",""
"QA-0125","Customer","Order tracking/completion","Rating retrieval","CUSTOMER","BLOCKED","No authenticated browser session: incorrect backend/CORS and unusable repository QA credential; do not bypass.",""
"QA-0126","Customer","Order tracking/completion","History","CUSTOMER","BLOCKED","No authenticated browser session: incorrect backend/CORS and unusable repository QA credential; do not bypass.",""
"QA-0127","Customer","Profile/support","View profile","CUSTOMER","BLOCKED","No authenticated browser session: incorrect backend/CORS and unusable repository QA credential; do not bypass.",""
"QA-0128","Customer","Profile/support","Edit profile","CUSTOMER","BLOCKED","No authenticated browser session: incorrect backend/CORS and unusable repository QA credential; do not bypass.",""
"QA-0129","Customer","Profile/support","Validation","CUSTOMER","BLOCKED","No authenticated browser session: incorrect backend/CORS and unusable repository QA credential; do not bypass.",""
"QA-0130","Customer","Profile/support","Persistence after relogin","CUSTOMER","BLOCKED","No authenticated browser session: incorrect backend/CORS and unusable repository QA credential; do not bypass.",""
"QA-0131","Customer","Profile/support","Support chat","CUSTOMER","BLOCKED","No authenticated browser session: incorrect backend/CORS and unusable repository QA credential; do not bypass.",""
"QA-0132","Customer","Profile/support","Support links","CUSTOMER","BLOCKED","No authenticated browser session: incorrect backend/CORS and unusable repository QA credential; do not bypass.",""
"QA-0133","Customer","Profile/support","Help actions","CUSTOMER","BLOCKED","No authenticated browser session: incorrect backend/CORS and unusable repository QA credential; do not bypass.",""
"QA-0134","Plumber","Authentication","Email tab","PLUMBER","PASS","Visible state changes verified; Remember me session persistence is not certified","2026-09-13T16-02-47-798Z/plumber-actions.json; 2026-09-13T16-05-36-434Z/plumber-actions.json"
"QA-0135","Plumber","Authentication","Mobile tab","PLUMBER","PASS","Visible state changes verified; Remember me session persistence is not certified","2026-09-13T16-02-47-798Z/plumber-actions.json; 2026-09-13T16-05-36-434Z/plumber-actions.json"
"QA-0136","Plumber","Authentication","Remember me toggles on/off","PLUMBER","PASS","Visible state changes verified; Remember me session persistence is not certified","2026-09-13T16-02-47-798Z/plumber-actions.json; 2026-09-13T16-05-36-434Z/plumber-actions.json"
"QA-0137","Plumber","Authentication","Exact Sign up link opens registration","PLUMBER","PASS","Visible state changes verified; Remember me session persistence is not certified","2026-09-13T16-02-47-798Z/plumber-actions.json; 2026-09-13T16-05-36-434Z/plumber-actions.json"
"QA-0138","Plumber","Authentication","Registration return link","PLUMBER","PASS","Visible state changes verified; Remember me session persistence is not certified","2026-09-13T16-02-47-798Z/plumber-actions.json; 2026-09-13T16-05-36-434Z/plumber-actions.json"
"QA-0139","Plumber","Authentication","OTP back arrow","PLUMBER","PASS","Visible state changes verified; Remember me session persistence is not certified","2026-09-13T16-02-47-798Z/plumber-actions.json; 2026-09-13T16-05-36-434Z/plumber-actions.json"
"QA-0140","Plumber","Authentication","Email login backend target","PLUMBER","FAIL","BUG-PROD-PLUMBER-001/002/003/004","2026-09-13T15-55-49-652Z/plumber-login.json; 2026-09-13T16-02-47-798Z/plumber-actions.json; 2026-09-13T16-05-36-434Z/plumber-actions.json"
"QA-0141","Plumber","Authentication","Empty mobile validation feedback","PLUMBER","FAIL","BUG-PROD-PLUMBER-001/002/003/004","2026-09-13T15-55-49-652Z/plumber-login.json; 2026-09-13T16-02-47-798Z/plumber-actions.json; 2026-09-13T16-05-36-434Z/plumber-actions.json"
"QA-0142","Plumber","Authentication","Short mobile validation feedback","PLUMBER","FAIL","BUG-PROD-PLUMBER-001/002/003/004","2026-09-13T15-55-49-652Z/plumber-login.json; 2026-09-13T16-02-47-798Z/plumber-actions.json; 2026-09-13T16-05-36-434Z/plumber-actions.json"
"QA-0143","Plumber","Authentication","Empty email login feedback","PLUMBER","FAIL","BUG-PROD-PLUMBER-001/002/003/004","2026-09-13T15-55-49-652Z/plumber-login.json; 2026-09-13T16-02-47-798Z/plumber-actions.json; 2026-09-13T16-05-36-434Z/plumber-actions.json"
"QA-0144","Plumber","Authentication","Empty registration feedback","PLUMBER","FAIL","BUG-PROD-PLUMBER-001/002/003/004","2026-09-13T15-55-49-652Z/plumber-login.json; 2026-09-13T16-02-47-798Z/plumber-actions.json; 2026-09-13T16-05-36-434Z/plumber-actions.json"
"QA-0145","Plumber","Authentication","Forgot password feedback","PLUMBER","FAIL","BUG-PROD-PLUMBER-001/002/003/004","2026-09-13T15-55-49-652Z/plumber-login.json; 2026-09-13T16-02-47-798Z/plumber-actions.json; 2026-09-13T16-05-36-434Z/plumber-actions.json"
"QA-0146","Plumber","Authentication","Google feedback","PLUMBER","FAIL","BUG-PROD-PLUMBER-001/002/003/004","2026-09-13T15-55-49-652Z/plumber-login.json; 2026-09-13T16-02-47-798Z/plumber-actions.json; 2026-09-13T16-05-36-434Z/plumber-actions.json"
"QA-0147","Plumber","Authentication","Facebook feedback","PLUMBER","FAIL","BUG-PROD-PLUMBER-001/002/003/004","2026-09-13T15-55-49-652Z/plumber-login.json; 2026-09-13T16-02-47-798Z/plumber-actions.json; 2026-09-13T16-05-36-434Z/plumber-actions.json"
"QA-0148","Plumber","Authentication","Initial OTP dispatch truthfulness","PLUMBER","FAIL","BUG-PROD-PLUMBER-001/002/003/004","2026-09-13T15-55-49-652Z/plumber-login.json; 2026-09-13T16-02-47-798Z/plumber-actions.json; 2026-09-13T16-05-36-434Z/plumber-actions.json"
"QA-0149","Plumber","Authentication","Successful login","PLUMBER","BLOCKED","No authenticated browser session: incorrect backend/CORS and unusable repository QA credential; do not bypass.",""
"QA-0150","Plumber","Authentication","Actual PLUMBER role","PLUMBER","BLOCKED","No authenticated browser session: incorrect backend/CORS and unusable repository QA credential; do not bypass.",""
"QA-0151","Plumber","Authentication","Session restore","PLUMBER","BLOCKED","No authenticated browser session: incorrect backend/CORS and unusable repository QA credential; do not bypass.",""
"QA-0152","Plumber","Authentication","Refresh","PLUMBER","BLOCKED","No authenticated browser session: incorrect backend/CORS and unusable repository QA credential; do not bypass.",""
"QA-0153","Plumber","Authentication","Logout","PLUMBER","BLOCKED","No authenticated browser session: incorrect backend/CORS and unusable repository QA credential; do not bypass.",""
"QA-0154","Plumber","Authentication","Post-logout route","PLUMBER","BLOCKED","No authenticated browser session: incorrect backend/CORS and unusable repository QA credential; do not bypass.",""
"QA-0155","Plumber","Authentication","Invalid password","PLUMBER","BLOCKED","No authenticated browser session: incorrect backend/CORS and unusable repository QA credential; do not bypass.",""
"QA-0156","Plumber","Authentication","Password rotation","PLUMBER","BLOCKED","No authenticated browser session: incorrect backend/CORS and unusable repository QA credential; do not bypass.",""
"QA-0157","Plumber","Authentication","Wrong OTP response","PLUMBER","BLOCKED","No authenticated browser session: incorrect backend/CORS and unusable repository QA credential; do not bypass.",""
"QA-0158","Plumber","Authentication","OTP resend response","PLUMBER","BLOCKED","No authenticated browser session: incorrect backend/CORS and unusable repository QA credential; do not bypass.",""
"QA-0159","Plumber","Authentication","OTP expiry","PLUMBER","BLOCKED","No authenticated browser session: incorrect backend/CORS and unusable repository QA credential; do not bypass.",""
"QA-0160","Plumber","Authentication","Registration success","PLUMBER","BLOCKED","No authenticated browser session: incorrect backend/CORS and unusable repository QA credential; do not bypass.",""
"QA-0161","Plumber","Authentication","Registration duplicate account","PLUMBER","BLOCKED","No authenticated browser session: incorrect backend/CORS and unusable repository QA credential; do not bypass.",""
"QA-0162","Plumber","Authentication","Registration profile/KYC persistence","PLUMBER","BLOCKED","No authenticated browser session: incorrect backend/CORS and unusable repository QA credential; do not bypass.",""
"QA-0163","Plumber","Authentication","Registration numeric/long/Unicode validation","PLUMBER","BLOCKED","No authenticated browser session: incorrect backend/CORS and unusable repository QA credential; do not bypass.",""
"QA-0164","Plumber","Authentication","Password visibility toggle","PLUMBER","NOT APPLICABLE","No toggle in deployed email login",""
"QA-0165","Plumber","Dashboard","Backend dashboard data","PLUMBER","BLOCKED","No authenticated browser session: incorrect backend/CORS and unusable repository QA credential; do not bypass.",""
"QA-0166","Plumber","Dashboard","Online/offline","PLUMBER","BLOCKED","No authenticated browser session: incorrect backend/CORS and unusable repository QA credential; do not bypass.",""
"QA-0167","Plumber","Dashboard","Job summary","PLUMBER","BLOCKED","No authenticated browser session: incorrect backend/CORS and unusable repository QA credential; do not bypass.",""
"QA-0168","Plumber","Dashboard","Earnings summary","PLUMBER","BLOCKED","No authenticated browser session: incorrect backend/CORS and unusable repository QA credential; do not bypass.",""
"QA-0169","Plumber","Dashboard","Materials summary","PLUMBER","BLOCKED","No authenticated browser session: incorrect backend/CORS and unusable repository QA credential; do not bypass.",""
"QA-0170","Plumber","Dashboard","Notifications","PLUMBER","BLOCKED","No authenticated browser session: incorrect backend/CORS and unusable repository QA credential; do not bypass.",""
"QA-0171","Plumber","Dashboard","All dashboard actions","PLUMBER","BLOCKED","No authenticated browser session: incorrect backend/CORS and unusable repository QA credential; do not bypass.",""
"QA-0172","Plumber","Dashboard","Refresh","PLUMBER","BLOCKED","No authenticated browser session: incorrect backend/CORS and unusable repository QA credential; do not bypass.",""
"QA-0173","Plumber","Jobs","Job list","PLUMBER","BLOCKED","No authenticated browser session: incorrect backend/CORS and unusable repository QA credential; do not bypass.",""
"QA-0174","Plumber","Jobs","Incoming job","PLUMBER","BLOCKED","No authenticated browser session: incorrect backend/CORS and unusable repository QA credential; do not bypass.",""
"QA-0175","Plumber","Jobs","Job detail","PLUMBER","BLOCKED","No authenticated browser session: incorrect backend/CORS and unusable repository QA credential; do not bypass.",""
"QA-0176","Plumber","Jobs","Accept","PLUMBER","BLOCKED","No authenticated browser session: incorrect backend/CORS and unusable repository QA credential; do not bypass.",""
"QA-0177","Plumber","Jobs","Reject","PLUMBER","BLOCKED","No authenticated browser session: incorrect backend/CORS and unusable repository QA credential; do not bypass.",""
"QA-0178","Plumber","Jobs","Duplicate accept","PLUMBER","BLOCKED","No authenticated browser session: incorrect backend/CORS and unusable repository QA credential; do not bypass.",""
"QA-0179","Plumber","Jobs","Unauthorized job access","PLUMBER","BLOCKED","No authenticated browser session: incorrect backend/CORS and unusable repository QA credential; do not bypass.",""
"QA-0180","Plumber","Jobs","Assigned job","PLUMBER","BLOCKED","No authenticated browser session: incorrect backend/CORS and unusable repository QA credential; do not bypass.",""
"QA-0181","Plumber","Jobs","Arrival","PLUMBER","BLOCKED","No authenticated browser session: incorrect backend/CORS and unusable repository QA credential; do not bypass.",""
"QA-0182","Plumber","Jobs","Diagnosis","PLUMBER","BLOCKED","No authenticated browser session: incorrect backend/CORS and unusable repository QA credential; do not bypass.",""
"QA-0183","Plumber","Jobs","Materials required","PLUMBER","BLOCKED","No authenticated browser session: incorrect backend/CORS and unusable repository QA credential; do not bypass.",""
"QA-0184","Plumber","Jobs","Resume","PLUMBER","BLOCKED","No authenticated browser session: incorrect backend/CORS and unusable repository QA credential; do not bypass.",""
"QA-0185","Plumber","Jobs","Completion","PLUMBER","BLOCKED","No authenticated browser session: incorrect backend/CORS and unusable repository QA credential; do not bypass.",""
"QA-0186","Plumber","Jobs","Invalid transition rejection","PLUMBER","BLOCKED","No authenticated browser session: incorrect backend/CORS and unusable repository QA credential; do not bypass.",""
"QA-0187","Plumber","Store selection","Backend stores","PLUMBER","BLOCKED","No authenticated browser session: incorrect backend/CORS and unusable repository QA credential; do not bypass.",""
"QA-0188","Plumber","Store selection","Store detail","PLUMBER","BLOCKED","No authenticated browser session: incorrect backend/CORS and unusable repository QA credential; do not bypass.",""
"QA-0189","Plumber","Store selection","Store inventory","PLUMBER","BLOCKED","No authenticated browser session: incorrect backend/CORS and unusable repository QA credential; do not bypass.",""
"QA-0190","Plumber","Store selection","Selection persistence","PLUMBER","BLOCKED","No authenticated browser session: incorrect backend/CORS and unusable repository QA credential; do not bypass.",""
"QA-0191","Plumber","Store selection","Runtime store ID","PLUMBER","BLOCKED","No authenticated browser session: incorrect backend/CORS and unusable repository QA credential; do not bypass.",""
"QA-0192","Plumber","Materials","Product selection","PLUMBER","BLOCKED","No authenticated browser session: incorrect backend/CORS and unusable repository QA credential; do not bypass.",""
"QA-0193","Plumber","Materials","Quantity","PLUMBER","BLOCKED","No authenticated browser session: incorrect backend/CORS and unusable repository QA credential; do not bypass.",""
"QA-0194","Plumber","Materials","Stock availability","PLUMBER","BLOCKED","No authenticated browser session: incorrect backend/CORS and unusable repository QA credential; do not bypass.",""
"QA-0195","Plumber","Materials","Submit request","PLUMBER","BLOCKED","No authenticated browser session: incorrect backend/CORS and unusable repository QA credential; do not bypass.",""
"QA-0196","Plumber","Materials","Request detail","PLUMBER","BLOCKED","No authenticated browser session: incorrect backend/CORS and unusable repository QA credential; do not bypass.",""
"QA-0197","Plumber","Materials","Duplicate submit","PLUMBER","BLOCKED","No authenticated browser session: incorrect backend/CORS and unusable repository QA credential; do not bypass.",""
"QA-0198","Plumber","Materials","Partial availability","PLUMBER","BLOCKED","No authenticated browser session: incorrect backend/CORS and unusable repository QA credential; do not bypass.",""
"QA-0199","Plumber","Materials","Rejection","PLUMBER","BLOCKED","No authenticated browser session: incorrect backend/CORS and unusable repository QA credential; do not bypass.",""
"QA-0200","Plumber","Materials","Approval","PLUMBER","BLOCKED","No authenticated browser session: incorrect backend/CORS and unusable repository QA credential; do not bypass.",""
"QA-0201","Plumber","Materials","Preparing","PLUMBER","BLOCKED","No authenticated browser session: incorrect backend/CORS and unusable repository QA credential; do not bypass.",""
"QA-0202","Plumber","Materials","Ready for pickup","PLUMBER","BLOCKED","No authenticated browser session: incorrect backend/CORS and unusable repository QA credential; do not bypass.",""
"QA-0203","Plumber","Materials","Collection","PLUMBER","BLOCKED","No authenticated browser session: incorrect backend/CORS and unusable repository QA credential; do not bypass.",""
"QA-0204","Plumber","Materials","Tracking state mapping","PLUMBER","BLOCKED","No authenticated browser session: incorrect backend/CORS and unusable repository QA credential; do not bypass.",""
"QA-0205","Plumber","Collection/completion","Plumber first collection","PLUMBER","BLOCKED","No authenticated browser session: incorrect backend/CORS and unusable repository QA credential; do not bypass.",""
"QA-0206","Plumber","Collection/completion","Store second confirmation","PLUMBER","BLOCKED","No authenticated browser session: incorrect backend/CORS and unusable repository QA credential; do not bypass.",""
"QA-0207","Plumber","Collection/completion","Wrong-order rejection","PLUMBER","BLOCKED","No authenticated browser session: incorrect backend/CORS and unusable repository QA credential; do not bypass.",""
"QA-0208","Plumber","Collection/completion","Resume after materials","PLUMBER","BLOCKED","No authenticated browser session: incorrect backend/CORS and unusable repository QA credential; do not bypass.",""
"QA-0209","Plumber","Collection/completion","Complete job","PLUMBER","BLOCKED","No authenticated browser session: incorrect backend/CORS and unusable repository QA credential; do not bypass.",""
"QA-0210","Plumber","Collection/completion","Completion detail","PLUMBER","BLOCKED","No authenticated browser session: incorrect backend/CORS and unusable repository QA credential; do not bypass.",""
"QA-0211","Plumber","Collection/completion","History","PLUMBER","BLOCKED","No authenticated browser session: incorrect backend/CORS and unusable repository QA credential; do not bypass.",""
"QA-0212","Plumber","Collection/completion","Customer-visible result","PLUMBER","BLOCKED","No authenticated browser session: incorrect backend/CORS and unusable repository QA credential; do not bypass.",""
"QA-0213","Plumber","Earnings/wallet","Balance","PLUMBER","BLOCKED","No authenticated browser session: incorrect backend/CORS and unusable repository QA credential; do not bypass.",""
"QA-0214","Plumber","Earnings/wallet","Transactions","PLUMBER","BLOCKED","No authenticated browser session: incorrect backend/CORS and unusable repository QA credential; do not bypass.",""
"QA-0215","Plumber","Earnings/wallet","Earnings","PLUMBER","BLOCKED","No authenticated browser session: incorrect backend/CORS and unusable repository QA credential; do not bypass.",""
"QA-0216","Plumber","Earnings/wallet","History","PLUMBER","BLOCKED","No authenticated browser session: incorrect backend/CORS and unusable repository QA credential; do not bypass.",""
"QA-0217","Plumber","Earnings/wallet","Empty state","PLUMBER","BLOCKED","No authenticated browser session: incorrect backend/CORS and unusable repository QA credential; do not bypass.",""
"QA-0218","Plumber","Earnings/wallet","Backend value comparison","PLUMBER","BLOCKED","No authenticated browser session: incorrect backend/CORS and unusable repository QA credential; do not bypass.",""
"QA-0219","Plumber","Profile/photos/chat","Profile view","PLUMBER","BLOCKED","No authenticated browser session: incorrect backend/CORS and unusable repository QA credential; do not bypass.",""
"QA-0220","Plumber","Profile/photos/chat","Edit fields","PLUMBER","BLOCKED","No authenticated browser session: incorrect backend/CORS and unusable repository QA credential; do not bypass.",""
"QA-0221","Plumber","Profile/photos/chat","Validation","PLUMBER","BLOCKED","No authenticated browser session: incorrect backend/CORS and unusable repository QA credential; do not bypass.",""
"QA-0222","Plumber","Profile/photos/chat","Persistence","PLUMBER","BLOCKED","No authenticated browser session: incorrect backend/CORS and unusable repository QA credential; do not bypass.",""
"QA-0223","Plumber","Profile/photos/chat","Before photo upload","PLUMBER","BLOCKED","No authenticated browser session: incorrect backend/CORS and unusable repository QA credential; do not bypass.",""
"QA-0224","Plumber","Profile/photos/chat","After photo upload","PLUMBER","BLOCKED","No authenticated browser session: incorrect backend/CORS and unusable repository QA credential; do not bypass.",""
"QA-0225","Plumber","Profile/photos/chat","Image contract","PLUMBER","BLOCKED","No authenticated browser session: incorrect backend/CORS and unusable repository QA credential; do not bypass.",""
"QA-0226","Plumber","Profile/photos/chat","Chat","PLUMBER","BLOCKED","No authenticated browser session: incorrect backend/CORS and unusable repository QA credential; do not bypass.",""
"QA-0227","Plumber","Profile/photos/chat","Drawer navigation","PLUMBER","BLOCKED","No authenticated browser session: incorrect backend/CORS and unusable repository QA credential; do not bypass.",""
"QA-0228","Plumber","Delivery","Rider/courier workflow","PLUMBER","NOT APPLICABLE","Explicitly excluded: plumber self-pickup is required",""
"QA-0229","Store","Authentication","Remember me toggles on/off","STORE_MANAGER","PASS","Visible state changes verified","2026-09-13T16-00-43-794Z/store-actions.json; 2026-09-13T16-05-36-434Z/store-actions.json"
"QA-0230","Store","Authentication","Register Store opens form","STORE_MANAGER","PASS","Visible state changes verified","2026-09-13T16-00-43-794Z/store-actions.json; 2026-09-13T16-05-36-434Z/store-actions.json"
"QA-0231","Store","Authentication","Registration return link","STORE_MANAGER","PASS","Visible state changes verified","2026-09-13T16-00-43-794Z/store-actions.json; 2026-09-13T16-05-36-434Z/store-actions.json"
"QA-0232","Store","Authentication","Login backend target","STORE_MANAGER","FAIL","BUG-PROD-STORE-001/002/003","2026-09-13T15-55-49-652Z/store-login.json; 2026-09-13T16-00-43-794Z/store-actions.json; 2026-09-13T16-05-36-434Z/store-actions.json"
"QA-0233","Store","Authentication","Empty login feedback","STORE_MANAGER","FAIL","BUG-PROD-STORE-001/002/003","2026-09-13T15-55-49-652Z/store-login.json; 2026-09-13T16-00-43-794Z/store-actions.json; 2026-09-13T16-05-36-434Z/store-actions.json"
"QA-0234","Store","Authentication","Empty registration feedback","STORE_MANAGER","FAIL","BUG-PROD-STORE-001/002/003","2026-09-13T15-55-49-652Z/store-login.json; 2026-09-13T16-00-43-794Z/store-actions.json; 2026-09-13T16-05-36-434Z/store-actions.json"
"QA-0235","Store","Authentication","Forgot password feedback","STORE_MANAGER","FAIL","BUG-PROD-STORE-001/002/003","2026-09-13T15-55-49-652Z/store-login.json; 2026-09-13T16-00-43-794Z/store-actions.json; 2026-09-13T16-05-36-434Z/store-actions.json"
"QA-0236","Store","Authentication","Successful login","STORE_MANAGER","BLOCKED","No authenticated browser session: incorrect backend/CORS and unusable repository QA credential; do not bypass.",""
"QA-0237","Store","Authentication","Actual STORE_MANAGER role","STORE_MANAGER","BLOCKED","No authenticated browser session: incorrect backend/CORS and unusable repository QA credential; do not bypass.",""
"QA-0238","Store","Authentication","Session restore","STORE_MANAGER","BLOCKED","No authenticated browser session: incorrect backend/CORS and unusable repository QA credential; do not bypass.",""
"QA-0239","Store","Authentication","Refresh","STORE_MANAGER","BLOCKED","No authenticated browser session: incorrect backend/CORS and unusable repository QA credential; do not bypass.",""
"QA-0240","Store","Authentication","Logout","STORE_MANAGER","BLOCKED","No authenticated browser session: incorrect backend/CORS and unusable repository QA credential; do not bypass.",""
"QA-0241","Store","Authentication","Post-logout protection","STORE_MANAGER","BLOCKED","No authenticated browser session: incorrect backend/CORS and unusable repository QA credential; do not bypass.",""
"QA-0242","Store","Authentication","Invalid credential messaging","STORE_MANAGER","BLOCKED","No authenticated browser session: incorrect backend/CORS and unusable repository QA credential; do not bypass.",""
"QA-0243","Store","Authentication","Registration success","STORE_MANAGER","BLOCKED","No authenticated browser session: incorrect backend/CORS and unusable repository QA credential; do not bypass.",""
"QA-0244","Store","Authentication","Duplicate account","STORE_MANAGER","BLOCKED","No authenticated browser session: incorrect backend/CORS and unusable repository QA credential; do not bypass.",""
"QA-0245","Store","Authentication","Independent invalid coordinate rejection","STORE_MANAGER","BLOCKED","No authenticated browser session: incorrect backend/CORS and unusable repository QA credential; do not bypass.",""
"QA-0246","Store","Authentication","Password mismatch","STORE_MANAGER","BLOCKED","No authenticated browser session: incorrect backend/CORS and unusable repository QA credential; do not bypass.",""
"QA-0247","Store","Authentication","Long/Unicode field validation","STORE_MANAGER","BLOCKED","No authenticated browser session: incorrect backend/CORS and unusable repository QA credential; do not bypass.",""
"QA-0248","Store","Authentication","Password visibility toggle","STORE_MANAGER","NOT APPLICABLE","No toggle in deployed login",""
"QA-0249","Store","Dashboard","Pending materials","STORE_MANAGER","BLOCKED","No authenticated browser session: incorrect backend/CORS and unusable repository QA credential; do not bypass.",""
"QA-0250","Store","Dashboard","Preparing count","STORE_MANAGER","BLOCKED","No authenticated browser session: incorrect backend/CORS and unusable repository QA credential; do not bypass.",""
"QA-0251","Store","Dashboard","Ready pickups","STORE_MANAGER","BLOCKED","No authenticated browser session: incorrect backend/CORS and unusable repository QA credential; do not bypass.",""
"QA-0252","Store","Dashboard","Low stock","STORE_MANAGER","BLOCKED","No authenticated browser session: incorrect backend/CORS and unusable repository QA credential; do not bypass.",""
"QA-0253","Store","Dashboard","Inventory summary","STORE_MANAGER","BLOCKED","No authenticated browser session: incorrect backend/CORS and unusable repository QA credential; do not bypass.",""
"QA-0254","Store","Dashboard","Order summary","STORE_MANAGER","BLOCKED","No authenticated browser session: incorrect backend/CORS and unusable repository QA credential; do not bypass.",""
"QA-0255","Store","Dashboard","Refresh","STORE_MANAGER","BLOCKED","No authenticated browser session: incorrect backend/CORS and unusable repository QA credential; do not bypass.",""
"QA-0256","Store","Inventory","List","STORE_MANAGER","BLOCKED","No authenticated browser session: incorrect backend/CORS and unusable repository QA credential; do not bypass.",""
"QA-0257","Store","Inventory","Product details","STORE_MANAGER","BLOCKED","No authenticated browser session: incorrect backend/CORS and unusable repository QA credential; do not bypass.",""
"QA-0258","Store","Inventory","Available stock","STORE_MANAGER","BLOCKED","No authenticated browser session: incorrect backend/CORS and unusable repository QA credential; do not bypass.",""
"QA-0259","Store","Inventory","Reserved stock","STORE_MANAGER","BLOCKED","No authenticated browser session: incorrect backend/CORS and unusable repository QA credential; do not bypass.",""
"QA-0260","Store","Inventory","Stock state","STORE_MANAGER","BLOCKED","No authenticated browser session: incorrect backend/CORS and unusable repository QA credential; do not bypass.",""
"QA-0261","Store","Inventory","Update quantity","STORE_MANAGER","BLOCKED","No authenticated browser session: incorrect backend/CORS and unusable repository QA credential; do not bypass.",""
"QA-0262","Store","Inventory","Increase stock","STORE_MANAGER","BLOCKED","No authenticated browser session: incorrect backend/CORS and unusable repository QA credential; do not bypass.",""
"QA-0263","Store","Inventory","Decrease stock","STORE_MANAGER","BLOCKED","No authenticated browser session: incorrect backend/CORS and unusable repository QA credential; do not bypass.",""
"QA-0264","Store","Inventory","Zero stock","STORE_MANAGER","BLOCKED","No authenticated browser session: incorrect backend/CORS and unusable repository QA credential; do not bypass.",""
"QA-0265","Store","Inventory","Negative stock","STORE_MANAGER","BLOCKED","No authenticated browser session: incorrect backend/CORS and unusable repository QA credential; do not bypass.",""
"QA-0266","Store","Inventory","Invalid number","STORE_MANAGER","BLOCKED","No authenticated browser session: incorrect backend/CORS and unusable repository QA credential; do not bypass.",""
"QA-0267","Store","Inventory","Very large number","STORE_MANAGER","BLOCKED","No authenticated browser session: incorrect backend/CORS and unusable repository QA credential; do not bypass.",""
"QA-0268","Store","Inventory","Decimal rejection","STORE_MANAGER","BLOCKED","No authenticated browser session: incorrect backend/CORS and unusable repository QA credential; do not bypass.",""
"QA-0269","Store","Inventory","Persistence","STORE_MANAGER","BLOCKED","No authenticated browser session: incorrect backend/CORS and unusable repository QA credential; do not bypass.",""
"QA-0270","Store","Materials","Pending list","STORE_MANAGER","BLOCKED","No authenticated browser session: incorrect backend/CORS and unusable repository QA credential; do not bypass.",""
"QA-0271","Store","Materials","Details","STORE_MANAGER","BLOCKED","No authenticated browser session: incorrect backend/CORS and unusable repository QA credential; do not bypass.",""
"QA-0272","Store","Materials","Approve","STORE_MANAGER","BLOCKED","No authenticated browser session: incorrect backend/CORS and unusable repository QA credential; do not bypass.",""
"QA-0273","Store","Materials","Reject","STORE_MANAGER","BLOCKED","No authenticated browser session: incorrect backend/CORS and unusable repository QA credential; do not bypass.",""
"QA-0274","Store","Materials","Partial approval","STORE_MANAGER","BLOCKED","No authenticated browser session: incorrect backend/CORS and unusable repository QA credential; do not bypass.",""
"QA-0275","Store","Materials","Prepare","STORE_MANAGER","BLOCKED","No authenticated browser session: incorrect backend/CORS and unusable repository QA credential; do not bypass.",""
"QA-0276","Store","Materials","Ready for pickup","STORE_MANAGER","BLOCKED","No authenticated browser session: incorrect backend/CORS and unusable repository QA credential; do not bypass.",""
"QA-0277","Store","Materials","Collection confirmation","STORE_MANAGER","BLOCKED","No authenticated browser session: incorrect backend/CORS and unusable repository QA credential; do not bypass.",""
"QA-0278","Store","Materials","Duplicate operations","STORE_MANAGER","BLOCKED","No authenticated browser session: incorrect backend/CORS and unusable repository QA credential; do not bypass.",""
"QA-0279","Store","Materials","Invalid transitions","STORE_MANAGER","BLOCKED","No authenticated browser session: incorrect backend/CORS and unusable repository QA credential; do not bypass.",""
"QA-0280","Store","Materials","Confirm before plumber rejection","STORE_MANAGER","BLOCKED","No authenticated browser session: incorrect backend/CORS and unusable repository QA credential; do not bypass.",""
"QA-0281","Store","Product orders","Confirmed","STORE_MANAGER","BLOCKED","No authenticated browser session: incorrect backend/CORS and unusable repository QA credential; do not bypass.",""
"QA-0282","Store","Product orders","Packing","STORE_MANAGER","BLOCKED","No authenticated browser session: incorrect backend/CORS and unusable repository QA credential; do not bypass.",""
"QA-0283","Store","Product orders","Ready for pickup","STORE_MANAGER","BLOCKED","No authenticated browser session: incorrect backend/CORS and unusable repository QA credential; do not bypass.",""
"QA-0284","Store","Product orders","Collection/completion","STORE_MANAGER","BLOCKED","No authenticated browser session: incorrect backend/CORS and unusable repository QA credential; do not bypass.",""
"QA-0285","Store","Product orders","Duplicate pack","STORE_MANAGER","BLOCKED","No authenticated browser session: incorrect backend/CORS and unusable repository QA credential; do not bypass.",""
"QA-0286","Store","Product orders","Duplicate accept","STORE_MANAGER","BLOCKED","No authenticated browser session: incorrect backend/CORS and unusable repository QA credential; do not bypass.",""
"QA-0287","Store","Product orders","Proper 4xx invalid operation","STORE_MANAGER","BLOCKED","No authenticated browser session: incorrect backend/CORS and unusable repository QA credential; do not bypass.",""
"QA-0288","Store","Profile/business","Store details","STORE_MANAGER","BLOCKED","No authenticated browser session: incorrect backend/CORS and unusable repository QA credential; do not bypass.",""
"QA-0289","Store","Profile/business","Manager details","STORE_MANAGER","BLOCKED","No authenticated browser session: incorrect backend/CORS and unusable repository QA credential; do not bypass.",""
"QA-0290","Store","Profile/business","Settings","STORE_MANAGER","BLOCKED","No authenticated browser session: incorrect backend/CORS and unusable repository QA credential; do not bypass.",""
"QA-0291","Store","Profile/business","History","STORE_MANAGER","BLOCKED","No authenticated browser session: incorrect backend/CORS and unusable repository QA credential; do not bypass.",""
"QA-0292","Store","Profile/business","Notifications","STORE_MANAGER","BLOCKED","No authenticated browser session: incorrect backend/CORS and unusable repository QA credential; do not bypass.",""
"QA-0293","Store","Profile/business","Sales analytics","STORE_MANAGER","BLOCKED","No authenticated browser session: incorrect backend/CORS and unusable repository QA credential; do not bypass.",""
"QA-0294","Store","Profile/business","Weekly summary","STORE_MANAGER","BLOCKED","No authenticated browser session: incorrect backend/CORS and unusable repository QA credential; do not bypass.",""
"QA-0295","Store","Profile/business","Wallet","STORE_MANAGER","BLOCKED","No authenticated browser session: incorrect backend/CORS and unusable repository QA credential; do not bypass.",""
"QA-0296","Store","Profile/business","Reviews and ratings","STORE_MANAGER","BLOCKED","No authenticated browser session: incorrect backend/CORS and unusable repository QA credential; do not bypass.",""
"QA-0297","Store","Profile/business","Offers/promotions","STORE_MANAGER","BLOCKED","No authenticated browser session: incorrect backend/CORS and unusable repository QA credential; do not bypass.",""
"QA-0298","Store","Profile/business","Low-stock screen","STORE_MANAGER","BLOCKED","No authenticated browser session: incorrect backend/CORS and unusable repository QA credential; do not bypass.",""
"QA-0299","Store","Profile/business","Add product","STORE_MANAGER","BLOCKED","No authenticated browser session: incorrect backend/CORS and unusable repository QA credential; do not bypass.",""
"QA-0300","Admin","Public authentication","Empty required fields trigger native validity","ADMIN FAMILY","PASS","Native validation states and no authenticated admin data observed","2026-09-13T16-08-20-388Z/results.json; 2026-09-13T16-00-43-794Z/admin-actions.json"
"QA-0301","Admin","Public authentication","Malformed email native validity","ADMIN FAMILY","PASS","Native validation states and no authenticated admin data observed","2026-09-13T16-08-20-388Z/results.json; 2026-09-13T16-00-43-794Z/admin-actions.json"
"QA-0302","Admin","Public authentication","Dashboard deep link remains at unauthenticated login","ADMIN FAMILY","PASS","Native validation states and no authenticated admin data observed","2026-09-13T16-08-20-388Z/results.json; 2026-09-13T16-00-43-794Z/admin-actions.json"
"QA-0303","Admin","Deployment/authentication","Current branch deployed","ADMIN FAMILY","FAIL","ENV-ADMIN-002; BUG-PROD-ADMIN-001","deployment-evidence.json; 2026-09-13T15-55-49-652Z/admin-login.json"
"QA-0304","Admin","Deployment/authentication","Correct backend target","ADMIN FAMILY","FAIL","ENV-ADMIN-002; BUG-PROD-ADMIN-001","deployment-evidence.json; 2026-09-13T15-55-49-652Z/admin-login.json"
"QA-0305","Admin","Modules","Dashboard","ADMIN FAMILY","BLOCKED","No authenticated browser session: incorrect backend/CORS and unusable repository QA credential; do not bypass.",""
"QA-0306","Admin","Modules","Users","ADMIN FAMILY","BLOCKED","No authenticated browser session: incorrect backend/CORS and unusable repository QA credential; do not bypass.",""
"QA-0307","Admin","Modules","Customer management","ADMIN FAMILY","BLOCKED","No authenticated browser session: incorrect backend/CORS and unusable repository QA credential; do not bypass.",""
"QA-0308","Admin","Modules","Plumbers","ADMIN FAMILY","BLOCKED","No authenticated browser session: incorrect backend/CORS and unusable repository QA credential; do not bypass.",""
"QA-0309","Admin","Modules","Stores","ADMIN FAMILY","BLOCKED","No authenticated browser session: incorrect backend/CORS and unusable repository QA credential; do not bypass.",""
"QA-0310","Admin","Modules","Inventory","ADMIN FAMILY","BLOCKED","No authenticated browser session: incorrect backend/CORS and unusable repository QA credential; do not bypass.",""
"QA-0311","Admin","Modules","Service orders","ADMIN FAMILY","BLOCKED","No authenticated browser session: incorrect backend/CORS and unusable repository QA credential; do not bypass.",""
"QA-0312","Admin","Modules","Product orders","ADMIN FAMILY","BLOCKED","No authenticated browser session: incorrect backend/CORS and unusable repository QA credential; do not bypass.",""
"QA-0313","Admin","Modules","Material requests","ADMIN FAMILY","BLOCKED","No authenticated browser session: incorrect backend/CORS and unusable repository QA credential; do not bypass.",""
"QA-0314","Admin","Modules","Support","ADMIN FAMILY","BLOCKED","No authenticated browser session: incorrect backend/CORS and unusable repository QA credential; do not bypass.",""
"QA-0315","Admin","Modules","Finance","ADMIN FAMILY","BLOCKED","No authenticated browser session: incorrect backend/CORS and unusable repository QA credential; do not bypass.",""
"QA-0316","Admin","Modules","Operations","ADMIN FAMILY","BLOCKED","No authenticated browser session: incorrect backend/CORS and unusable repository QA credential; do not bypass.",""
"QA-0317","Admin","Modules","Plumber management","ADMIN FAMILY","BLOCKED","No authenticated browser session: incorrect backend/CORS and unusable repository QA credential; do not bypass.",""
"QA-0318","Admin","Modules","Marketing","ADMIN FAMILY","BLOCKED","No authenticated browser session: incorrect backend/CORS and unusable repository QA credential; do not bypass.",""
"QA-0319","Admin","Modules","Settings","ADMIN FAMILY","BLOCKED","No authenticated browser session: incorrect backend/CORS and unusable repository QA credential; do not bypass.",""
"QA-0320","Admin","Modules","Role management","ADMIN FAMILY","BLOCKED","No authenticated browser session: incorrect backend/CORS and unusable repository QA credential; do not bypass.",""
"QA-0321","Admin","Modules","Audit information","ADMIN FAMILY","BLOCKED","No authenticated browser session: incorrect backend/CORS and unusable repository QA credential; do not bypass.",""
"QA-0322","Admin","ADMIN","Login","ADMIN FAMILY","BLOCKED","No authenticated session; deployed role behavior not inferred from enum/seed files",""
"QA-0323","Admin","ADMIN","Landing page","ADMIN FAMILY","BLOCKED","No authenticated session; deployed role behavior not inferred from enum/seed files",""
"QA-0324","Admin","ADMIN","Allowed navigation","ADMIN FAMILY","BLOCKED","No authenticated session; deployed role behavior not inferred from enum/seed files",""
"QA-0325","Admin","ADMIN","Forbidden navigation","ADMIN FAMILY","BLOCKED","No authenticated session; deployed role behavior not inferred from enum/seed files",""
"QA-0326","Admin","ADMIN","Allowed API","ADMIN FAMILY","BLOCKED","No authenticated session; deployed role behavior not inferred from enum/seed files",""
"QA-0327","Admin","ADMIN","Forbidden API","ADMIN FAMILY","BLOCKED","No authenticated session; deployed role behavior not inferred from enum/seed files",""
"QA-0328","Admin","ADMIN","Profile","ADMIN FAMILY","BLOCKED","No authenticated session; deployed role behavior not inferred from enum/seed files",""
"QA-0329","Admin","ADMIN","Session restore","ADMIN FAMILY","BLOCKED","No authenticated session; deployed role behavior not inferred from enum/seed files",""
"QA-0330","Admin","ADMIN","Logout","ADMIN FAMILY","BLOCKED","No authenticated session; deployed role behavior not inferred from enum/seed files",""
"QA-0331","Admin","ADMIN","Post-logout protection","ADMIN FAMILY","BLOCKED","No authenticated session; deployed role behavior not inferred from enum/seed files",""
"QA-0332","Admin","SUPER_ADMIN","Login","ADMIN FAMILY","BLOCKED","No authenticated session; deployed role behavior not inferred from enum/seed files",""
"QA-0333","Admin","SUPER_ADMIN","Landing page","ADMIN FAMILY","BLOCKED","No authenticated session; deployed role behavior not inferred from enum/seed files",""
"QA-0334","Admin","SUPER_ADMIN","Allowed navigation","ADMIN FAMILY","BLOCKED","No authenticated session; deployed role behavior not inferred from enum/seed files",""
"QA-0335","Admin","SUPER_ADMIN","Forbidden navigation","ADMIN FAMILY","BLOCKED","No authenticated session; deployed role behavior not inferred from enum/seed files",""
"QA-0336","Admin","SUPER_ADMIN","Allowed API","ADMIN FAMILY","BLOCKED","No authenticated session; deployed role behavior not inferred from enum/seed files",""
"QA-0337","Admin","SUPER_ADMIN","Forbidden API","ADMIN FAMILY","BLOCKED","No authenticated session; deployed role behavior not inferred from enum/seed files",""
"QA-0338","Admin","SUPER_ADMIN","Profile","ADMIN FAMILY","BLOCKED","No authenticated session; deployed role behavior not inferred from enum/seed files",""
"QA-0339","Admin","SUPER_ADMIN","Session restore","ADMIN FAMILY","BLOCKED","No authenticated session; deployed role behavior not inferred from enum/seed files",""
"QA-0340","Admin","SUPER_ADMIN","Logout","ADMIN FAMILY","BLOCKED","No authenticated session; deployed role behavior not inferred from enum/seed files",""
"QA-0341","Admin","SUPER_ADMIN","Post-logout protection","ADMIN FAMILY","BLOCKED","No authenticated session; deployed role behavior not inferred from enum/seed files",""
"QA-0342","Admin","OPERATIONS_ADMIN","Login","ADMIN FAMILY","BLOCKED","No authenticated session; deployed role behavior not inferred from enum/seed files",""
"QA-0343","Admin","OPERATIONS_ADMIN","Landing page","ADMIN FAMILY","BLOCKED","No authenticated session; deployed role behavior not inferred from enum/seed files",""
"QA-0344","Admin","OPERATIONS_ADMIN","Allowed navigation","ADMIN FAMILY","BLOCKED","No authenticated session; deployed role behavior not inferred from enum/seed files",""
"QA-0345","Admin","OPERATIONS_ADMIN","Forbidden navigation","ADMIN FAMILY","BLOCKED","No authenticated session; deployed role behavior not inferred from enum/seed files",""
"QA-0346","Admin","OPERATIONS_ADMIN","Allowed API","ADMIN FAMILY","BLOCKED","No authenticated session; deployed role behavior not inferred from enum/seed files",""
"QA-0347","Admin","OPERATIONS_ADMIN","Forbidden API","ADMIN FAMILY","BLOCKED","No authenticated session; deployed role behavior not inferred from enum/seed files",""
"QA-0348","Admin","OPERATIONS_ADMIN","Profile","ADMIN FAMILY","BLOCKED","No authenticated session; deployed role behavior not inferred from enum/seed files",""
"QA-0349","Admin","OPERATIONS_ADMIN","Session restore","ADMIN FAMILY","BLOCKED","No authenticated session; deployed role behavior not inferred from enum/seed files",""
"QA-0350","Admin","OPERATIONS_ADMIN","Logout","ADMIN FAMILY","BLOCKED","No authenticated session; deployed role behavior not inferred from enum/seed files",""
"QA-0351","Admin","OPERATIONS_ADMIN","Post-logout protection","ADMIN FAMILY","BLOCKED","No authenticated session; deployed role behavior not inferred from enum/seed files",""
"QA-0352","Admin","PLUMBER_MANAGER","Login","ADMIN FAMILY","BLOCKED","No authenticated session; deployed role behavior not inferred from enum/seed files",""
"QA-0353","Admin","PLUMBER_MANAGER","Landing page","ADMIN FAMILY","BLOCKED","No authenticated session; deployed role behavior not inferred from enum/seed files",""
"QA-0354","Admin","PLUMBER_MANAGER","Allowed navigation","ADMIN FAMILY","BLOCKED","No authenticated session; deployed role behavior not inferred from enum/seed files",""
"QA-0355","Admin","PLUMBER_MANAGER","Forbidden navigation","ADMIN FAMILY","BLOCKED","No authenticated session; deployed role behavior not inferred from enum/seed files",""
"QA-0356","Admin","PLUMBER_MANAGER","Allowed API","ADMIN FAMILY","BLOCKED","No authenticated session; deployed role behavior not inferred from enum/seed files",""
"QA-0357","Admin","PLUMBER_MANAGER","Forbidden API","ADMIN FAMILY","BLOCKED","No authenticated session; deployed role behavior not inferred from enum/seed files",""
"QA-0358","Admin","PLUMBER_MANAGER","Profile","ADMIN FAMILY","BLOCKED","No authenticated session; deployed role behavior not inferred from enum/seed files",""
"QA-0359","Admin","PLUMBER_MANAGER","Session restore","ADMIN FAMILY","BLOCKED","No authenticated session; deployed role behavior not inferred from enum/seed files",""
"QA-0360","Admin","PLUMBER_MANAGER","Logout","ADMIN FAMILY","BLOCKED","No authenticated session; deployed role behavior not inferred from enum/seed files",""
"QA-0361","Admin","PLUMBER_MANAGER","Post-logout protection","ADMIN FAMILY","BLOCKED","No authenticated session; deployed role behavior not inferred from enum/seed files",""
"QA-0362","Admin","FINANCE_ADMIN","Login","ADMIN FAMILY","BLOCKED","No authenticated session; deployed role behavior not inferred from enum/seed files",""
"QA-0363","Admin","FINANCE_ADMIN","Landing page","ADMIN FAMILY","BLOCKED","No authenticated session; deployed role behavior not inferred from enum/seed files",""
"QA-0364","Admin","FINANCE_ADMIN","Allowed navigation","ADMIN FAMILY","BLOCKED","No authenticated session; deployed role behavior not inferred from enum/seed files",""
"QA-0365","Admin","FINANCE_ADMIN","Forbidden navigation","ADMIN FAMILY","BLOCKED","No authenticated session; deployed role behavior not inferred from enum/seed files",""
"QA-0366","Admin","FINANCE_ADMIN","Allowed API","ADMIN FAMILY","BLOCKED","No authenticated session; deployed role behavior not inferred from enum/seed files",""
"QA-0367","Admin","FINANCE_ADMIN","Forbidden API","ADMIN FAMILY","BLOCKED","No authenticated session; deployed role behavior not inferred from enum/seed files",""
"QA-0368","Admin","FINANCE_ADMIN","Profile","ADMIN FAMILY","BLOCKED","No authenticated session; deployed role behavior not inferred from enum/seed files",""
"QA-0369","Admin","FINANCE_ADMIN","Session restore","ADMIN FAMILY","BLOCKED","No authenticated session; deployed role behavior not inferred from enum/seed files",""
"QA-0370","Admin","FINANCE_ADMIN","Logout","ADMIN FAMILY","BLOCKED","No authenticated session; deployed role behavior not inferred from enum/seed files",""
"QA-0371","Admin","FINANCE_ADMIN","Post-logout protection","ADMIN FAMILY","BLOCKED","No authenticated session; deployed role behavior not inferred from enum/seed files",""
"QA-0372","Admin","SUPPORT_ADMIN","Login","ADMIN FAMILY","BLOCKED","No authenticated session; deployed role behavior not inferred from enum/seed files",""
"QA-0373","Admin","SUPPORT_ADMIN","Landing page","ADMIN FAMILY","BLOCKED","No authenticated session; deployed role behavior not inferred from enum/seed files",""
"QA-0374","Admin","SUPPORT_ADMIN","Allowed navigation","ADMIN FAMILY","BLOCKED","No authenticated session; deployed role behavior not inferred from enum/seed files",""
"QA-0375","Admin","SUPPORT_ADMIN","Forbidden navigation","ADMIN FAMILY","BLOCKED","No authenticated session; deployed role behavior not inferred from enum/seed files",""
"QA-0376","Admin","SUPPORT_ADMIN","Allowed API","ADMIN FAMILY","BLOCKED","No authenticated session; deployed role behavior not inferred from enum/seed files",""
"QA-0377","Admin","SUPPORT_ADMIN","Forbidden API","ADMIN FAMILY","BLOCKED","No authenticated session; deployed role behavior not inferred from enum/seed files",""
"QA-0378","Admin","SUPPORT_ADMIN","Profile","ADMIN FAMILY","BLOCKED","No authenticated session; deployed role behavior not inferred from enum/seed files",""
"QA-0379","Admin","SUPPORT_ADMIN","Session restore","ADMIN FAMILY","BLOCKED","No authenticated session; deployed role behavior not inferred from enum/seed files",""
"QA-0380","Admin","SUPPORT_ADMIN","Logout","ADMIN FAMILY","BLOCKED","No authenticated session; deployed role behavior not inferred from enum/seed files",""
"QA-0381","Admin","SUPPORT_ADMIN","Post-logout protection","ADMIN FAMILY","BLOCKED","No authenticated session; deployed role behavior not inferred from enum/seed files",""
"QA-0382","Admin","MARKETING_ADMIN","Login","ADMIN FAMILY","BLOCKED","No authenticated session; deployed role behavior not inferred from enum/seed files",""
"QA-0383","Admin","MARKETING_ADMIN","Landing page","ADMIN FAMILY","BLOCKED","No authenticated session; deployed role behavior not inferred from enum/seed files",""
"QA-0384","Admin","MARKETING_ADMIN","Allowed navigation","ADMIN FAMILY","BLOCKED","No authenticated session; deployed role behavior not inferred from enum/seed files",""
"QA-0385","Admin","MARKETING_ADMIN","Forbidden navigation","ADMIN FAMILY","BLOCKED","No authenticated session; deployed role behavior not inferred from enum/seed files",""
"QA-0386","Admin","MARKETING_ADMIN","Allowed API","ADMIN FAMILY","BLOCKED","No authenticated session; deployed role behavior not inferred from enum/seed files",""
"QA-0387","Admin","MARKETING_ADMIN","Forbidden API","ADMIN FAMILY","BLOCKED","No authenticated session; deployed role behavior not inferred from enum/seed files",""
"QA-0388","Admin","MARKETING_ADMIN","Profile","ADMIN FAMILY","BLOCKED","No authenticated session; deployed role behavior not inferred from enum/seed files",""
"QA-0389","Admin","MARKETING_ADMIN","Session restore","ADMIN FAMILY","BLOCKED","No authenticated session; deployed role behavior not inferred from enum/seed files",""
"QA-0390","Admin","MARKETING_ADMIN","Logout","ADMIN FAMILY","BLOCKED","No authenticated session; deployed role behavior not inferred from enum/seed files",""
"QA-0391","Admin","MARKETING_ADMIN","Post-logout protection","ADMIN FAMILY","BLOCKED","No authenticated session; deployed role behavior not inferred from enum/seed files",""
"QA-0392","Integration","Full service lifecycle","Customer request","cross-role","BLOCKED","No authenticated browser session: incorrect backend/CORS and unusable repository QA credential; do not bypass.",""
"QA-0393","Integration","Full service lifecycle","Plumber assignment","cross-role","BLOCKED","No authenticated browser session: incorrect backend/CORS and unusable repository QA credential; do not bypass.",""
"QA-0394","Integration","Full service lifecycle","Accept","cross-role","BLOCKED","No authenticated browser session: incorrect backend/CORS and unusable repository QA credential; do not bypass.",""
"QA-0395","Integration","Full service lifecycle","Arrival","cross-role","BLOCKED","No authenticated browser session: incorrect backend/CORS and unusable repository QA credential; do not bypass.",""
"QA-0396","Integration","Full service lifecycle","Diagnosis","cross-role","BLOCKED","No authenticated browser session: incorrect backend/CORS and unusable repository QA credential; do not bypass.",""
"QA-0397","Integration","Full service lifecycle","Material request","cross-role","BLOCKED","No authenticated browser session: incorrect backend/CORS and unusable repository QA credential; do not bypass.",""
"QA-0398","Integration","Full service lifecycle","Store approval","cross-role","BLOCKED","No authenticated browser session: incorrect backend/CORS and unusable repository QA credential; do not bypass.",""
"QA-0399","Integration","Full service lifecycle","Preparation","cross-role","BLOCKED","No authenticated browser session: incorrect backend/CORS and unusable repository QA credential; do not bypass.",""
"QA-0400","Integration","Full service lifecycle","Ready for pickup","cross-role","BLOCKED","No authenticated browser session: incorrect backend/CORS and unusable repository QA credential; do not bypass.",""
"QA-0401","Integration","Full service lifecycle","Plumber records collection","cross-role","BLOCKED","No authenticated browser session: incorrect backend/CORS and unusable repository QA credential; do not bypass.",""
"QA-0402","Integration","Full service lifecycle","Store confirms collection","cross-role","BLOCKED","No authenticated browser session: incorrect backend/CORS and unusable repository QA credential; do not bypass.",""
"QA-0403","Integration","Full service lifecycle","Resume work","cross-role","BLOCKED","No authenticated browser session: incorrect backend/CORS and unusable repository QA credential; do not bypass.",""
"QA-0404","Integration","Full service lifecycle","Complete job","cross-role","BLOCKED","No authenticated browser session: incorrect backend/CORS and unusable repository QA credential; do not bypass.",""
"QA-0405","Integration","Full service lifecycle","Customer completion","cross-role","BLOCKED","No authenticated browser session: incorrect backend/CORS and unusable repository QA credential; do not bypass.",""
"QA-0406","Integration","Full service lifecycle","Customer confirmation","cross-role","BLOCKED","No authenticated browser session: incorrect backend/CORS and unusable repository QA credential; do not bypass.",""
"QA-0407","Integration","Full service lifecycle","Rating","cross-role","BLOCKED","No authenticated browser session: incorrect backend/CORS and unusable repository QA credential; do not bypass.",""
"QA-0408","Integration","Full service lifecycle","Cross-app persisted result","cross-role","BLOCKED","No authenticated browser session: incorrect backend/CORS and unusable repository QA credential; do not bypass.",""
"QA-0409","Integration","Full service lifecycle","Transition actor/endpoint/old/new state evidence","cross-role","BLOCKED","No authenticated browser session: incorrect backend/CORS and unusable repository QA credential; do not bypass.",""
"QA-0410","Integration","Persistence","Inventory refresh/relogin","cross-role","BLOCKED","No authenticated browser session: incorrect backend/CORS and unusable repository QA credential; do not bypass.",""
"QA-0411","Integration","Persistence","Order refresh/relogin","cross-role","BLOCKED","No authenticated browser session: incorrect backend/CORS and unusable repository QA credential; do not bypass.",""
"QA-0412","Integration","Persistence","Material status across apps","cross-role","BLOCKED","No authenticated browser session: incorrect backend/CORS and unusable repository QA credential; do not bypass.",""
"QA-0413","Integration","Persistence","Profile refresh/relogin","cross-role","BLOCKED","No authenticated browser session: incorrect backend/CORS and unusable repository QA credential; do not bypass.",""
"QA-0414","Integration","Persistence","Address refresh/relogin","cross-role","BLOCKED","No authenticated browser session: incorrect backend/CORS and unusable repository QA credential; do not bypass.",""
"QA-0415","Integration","Persistence","Rating refresh/relogin","cross-role","BLOCKED","No authenticated browser session: incorrect backend/CORS and unusable repository QA credential; do not bypass.",""
"QA-0416","Integration","Duplicates/business rules","Double service submit","cross-role","BLOCKED","No authenticated browser session: incorrect backend/CORS and unusable repository QA credential; do not bypass.",""
"QA-0417","Integration","Duplicates/business rules","Duplicate accept","cross-role","BLOCKED","No authenticated browser session: incorrect backend/CORS and unusable repository QA credential; do not bypass.",""
"QA-0418","Integration","Duplicates/business rules","Duplicate complete","cross-role","BLOCKED","No authenticated browser session: incorrect backend/CORS and unusable repository QA credential; do not bypass.",""
"QA-0419","Integration","Duplicates/business rules","Duplicate material request","cross-role","BLOCKED","No authenticated browser session: incorrect backend/CORS and unusable repository QA credential; do not bypass.",""
"QA-0420","Integration","Duplicates/business rules","Duplicate stock update","cross-role","BLOCKED","No authenticated browser session: incorrect backend/CORS and unusable repository QA credential; do not bypass.",""
"QA-0421","Integration","Duplicates/business rules","Stock never negative","cross-role","BLOCKED","No authenticated browser session: incorrect backend/CORS and unusable repository QA credential; do not bypass.",""
"QA-0422","Integration","Duplicates/business rules","Reserved stock bounds","cross-role","BLOCKED","No authenticated browser session: incorrect backend/CORS and unusable repository QA credential; do not bypass.",""
"QA-0423","Integration","Duplicates/business rules","Illegal completion rejection","cross-role","BLOCKED","No authenticated browser session: incorrect backend/CORS and unusable repository QA credential; do not bypass.",""
"QA-0424","Integration","Duplicates/business rules","Wrong collection order rejection","cross-role","BLOCKED","No authenticated browser session: incorrect backend/CORS and unusable repository QA credential; do not bypass.",""
"QA-0425","Integration","Duplicates/business rules","No courier dependency","cross-role","BLOCKED","No authenticated browser session: incorrect backend/CORS and unusable repository QA credential; do not bypass.",""
"QA-0426","Backend/API","Health","/version","cross-role","PASS","200 and health/version body verified; earlier cold-start timeouts retained","2026-09-13T15-49-28-895Z/baseline.json"
"QA-0427","Backend/API","Health","/health/live","cross-role","PASS","200 and health/version body verified; earlier cold-start timeouts retained","2026-09-13T15-49-28-895Z/baseline.json"
"QA-0428","Backend/API","Health","/health/ready","cross-role","PASS","200 and health/version body verified; earlier cold-start timeouts retained","2026-09-13T15-49-28-895Z/baseline.json"
"QA-0429","Security","Anonymous authorization","/api/v1/admin/metrics","cross-role","PASS","401 verifies anonymous rejection only, not authenticated RBAC","2026-09-13T16-07-04-118Z/checks.json"
"QA-0430","Security","Anonymous authorization","/api/v1/admin/rbac/roles","cross-role","PASS","401 verifies anonymous rejection only, not authenticated RBAC","2026-09-13T16-07-04-118Z/checks.json"
"QA-0431","Security","Anonymous authorization","/api/v1/admin/finance/dashboard","cross-role","PASS","401 verifies anonymous rejection only, not authenticated RBAC","2026-09-13T16-07-04-118Z/checks.json"
"QA-0432","Security","Anonymous authorization","/api/v1/admin/operations/dashboard","cross-role","PASS","401 verifies anonymous rejection only, not authenticated RBAC","2026-09-13T16-07-04-118Z/checks.json"
"QA-0433","Security","Anonymous authorization","/api/v1/admin/plumber-manager/dashboard","cross-role","PASS","401 verifies anonymous rejection only, not authenticated RBAC","2026-09-13T16-07-04-118Z/checks.json"
"QA-0434","Security","Anonymous authorization","/api/v1/admin/marketing/dashboard","cross-role","PASS","401 verifies anonymous rejection only, not authenticated RBAC","2026-09-13T16-07-04-118Z/checks.json"
"QA-0435","Security","Anonymous authorization","/api/v1/plumber/dashboard","cross-role","PASS","401 verifies anonymous rejection only, not authenticated RBAC","2026-09-13T16-07-04-118Z/checks.json"
"QA-0436","Security","Anonymous authorization","/api/v1/plumber/earnings","cross-role","PASS","401 verifies anonymous rejection only, not authenticated RBAC","2026-09-13T16-07-04-118Z/checks.json"
"QA-0437","Security","Anonymous authorization","/api/v1/plumber/profile","cross-role","PASS","401 verifies anonymous rejection only, not authenticated RBAC","2026-09-13T16-07-04-118Z/checks.json"
"QA-0438","Security","Anonymous authorization","/api/v1/plumber/material-requests","cross-role","PASS","401 verifies anonymous rejection only, not authenticated RBAC","2026-09-13T16-07-04-118Z/checks.json"
"QA-0439","Security","Anonymous authorization","/api/v1/store/material-requests","cross-role","PASS","401 verifies anonymous rejection only, not authenticated RBAC","2026-09-13T16-07-04-118Z/checks.json"
"QA-0440","Security","Anonymous authorization","/api/v1/checkout/orders","cross-role","PASS","401 verifies anonymous rejection only, not authenticated RBAC","2026-09-13T16-07-04-118Z/checks.json"
"QA-0441","Security","Anonymous authorization","/api/v1/checkout/material-requests/customer","cross-role","PASS","401 verifies anonymous rejection only, not authenticated RBAC","2026-09-13T16-07-04-118Z/checks.json"
"QA-0442","Security","Anonymous authorization","/api/v1/notifications","cross-role","PASS","401 verifies anonymous rejection only, not authenticated RBAC","2026-09-13T16-07-04-118Z/checks.json"
"QA-0443","Backend/API","Public API","Runtime product IDs","cross-role","PASS","Bounded GET response inspected; search whitespace behavior documented, not assumed","2026-09-13T16-07-04-118Z/checks.json"
"QA-0444","Backend/API","Catalog","Product detail matches list 1","cross-role","PASS","Live detail compared with same-run product list","2026-09-13T16-07-04-118Z/checks.json"
"QA-0445","Backend/API","Catalog","Product detail matches list 2","cross-role","PASS","Live detail compared with same-run product list","2026-09-13T16-07-04-118Z/checks.json"
"QA-0446","Backend/API","Catalog","Product detail matches list 3","cross-role","PASS","Live detail compared with same-run product list","2026-09-13T16-07-04-118Z/checks.json"
"QA-0447","Backend/API","Catalog","Product detail matches list 4","cross-role","PASS","Live detail compared with same-run product list","2026-09-13T16-07-04-118Z/checks.json"
"QA-0448","Backend/API","Public API","Search """"","cross-role","PASS","Bounded GET response inspected; search whitespace behavior documented, not assumed","2026-09-13T16-07-04-118Z/checks.json"
"QA-0449","Backend/API","Public API","Search ""pipe""","cross-role","PASS","Bounded GET response inspected; search whitespace behavior documented, not assumed","2026-09-13T16-07-04-118Z/checks.json"
"QA-0450","Backend/API","Public API","Search ""PIPE""","cross-role","PASS","Bounded GET response inspected; search whitespace behavior documented, not assumed","2026-09-13T16-07-04-118Z/checks.json"
"QA-0451","Backend/API","Public API","Search ""pIpE""","cross-role","PASS","Bounded GET response inspected; search whitespace behavior documented, not assumed","2026-09-13T16-07-04-118Z/checks.json"
"QA-0452","Backend/API","Public API","Search ""Pipe Wrench""","cross-role","PASS","Bounded GET response inspected; search whitespace behavior documented, not assumed","2026-09-13T16-07-04-118Z/checks.json"
"QA-0453","Backend/API","Public API","Search ""NoMatchingQaProduct""","cross-role","PASS","Bounded GET response inspected; search whitespace behavior documented, not assumed","2026-09-13T16-07-04-118Z/checks.json"
"QA-0454","Backend/API","Public API","Search "" Pipe ""","cross-role","PASS","Bounded GET response inspected; search whitespace behavior documented, not assumed","2026-09-13T16-07-04-118Z/checks.json"
"QA-0455","Backend/API","Public API","Public configuration","cross-role","PASS","Bounded GET response inspected; search whitespace behavior documented, not assumed","2026-09-13T16-07-04-118Z/checks.json"
"QA-0456","Backend/API","Public API","Warm version repeat","cross-role","PASS","Bounded GET response inspected; search whitespace behavior documented, not assumed","2026-09-13T16-07-04-118Z/checks.json"
"QA-0457","Backend/API","Public API","Warm readiness repeat","cross-role","PASS","Bounded GET response inspected; search whitespace behavior documented, not assumed","2026-09-13T16-07-04-118Z/checks.json"
"QA-0458","Security","CORS","CORS https://fixkart-customer-web.vercel.app","cross-role","FAIL","Invalid CORS request","2026-09-13T15-57-52-705Z/api-results.json"
"QA-0459","Security","CORS","CORS https://fixkart-plumber-web.vercel.app","cross-role","FAIL","Invalid CORS request","2026-09-13T15-57-52-705Z/api-results.json"
"QA-0460","Security","CORS","CORS https://fixkart-store-web.vercel.app","cross-role","FAIL","Invalid CORS request","2026-09-13T15-57-52-705Z/api-results.json"
"QA-0461","Security","CORS","CORS https://admin-portal-ten-weld.vercel.app","cross-role","FAIL","Invalid CORS request","2026-09-13T15-57-52-705Z/api-results.json"
"QA-0462","Security","CORS","CORS https://qa-untrusted.invalid","cross-role","PASS","Invalid CORS request","2026-09-13T15-57-52-705Z/api-results.json"
"QA-0463","Backend/API","Public/auth API","Missing credentials","cross-role","PASS","Expected public response or bounded invalid-request rejection","2026-09-13T15-57-52-705Z/api-results.json"
"QA-0464","Backend/API","Public/auth API","Malformed bearer","cross-role","PASS","Expected public response or bounded invalid-request rejection","2026-09-13T15-57-52-705Z/api-results.json"
"QA-0465","Backend/API","Public/auth API","Public categories","cross-role","PASS","Expected public response or bounded invalid-request rejection","2026-09-13T15-57-52-705Z/api-results.json"
"QA-0466","Backend/API","Public/auth API","Public products","cross-role","PASS","Expected public response or bounded invalid-request rejection","2026-09-13T15-57-52-705Z/api-results.json"
"QA-0467","Security","Safe input probes","Search validation ' OR '1'='1","cross-role","PASS","JSON empty results without SQL errors; no claim of browser/stored-XSS safety","2026-09-13T15-57-52-705Z/api-results.json"
"QA-0468","Security","Safe input probes","Search validation <script>alert(1)</script>","cross-role","PASS","JSON empty results without SQL errors; no claim of browser/stored-XSS safety","2026-09-13T15-57-52-705Z/api-results.json"
"QA-0469","Security","Safe input probes","Search validation ${7*7}","cross-role","PASS","JSON empty results without SQL errors; no claim of browser/stored-XSS safety","2026-09-13T15-57-52-705Z/api-results.json"
"QA-0470","Security","Safe input probes","Search validation ../","cross-role","PASS","JSON empty results without SQL errors; no claim of browser/stored-XSS safety","2026-09-13T15-57-52-705Z/api-results.json"
"QA-0471","Security","Safe input probes","Search validation 工具🔧","cross-role","PASS","JSON empty results without SQL errors; no claim of browser/stored-XSS safety","2026-09-13T15-57-52-705Z/api-results.json"
"QA-0472","Security","Safe input probes","Search validation xxxxxxxxxxxxxxxxxxxxxxxxxxxxxxxxxxxxxxxx","cross-role","PASS","JSON empty results without SQL errors; no claim of browser/stored-XSS safety","2026-09-13T15-57-52-705Z/api-results.json"
"QA-0473","Backend/API","Public/auth API","Empty login","cross-role","PASS","Expected public response or bounded invalid-request rejection","2026-09-13T15-57-52-705Z/api-results.json"
"QA-0474","Backend/API","QA authentication","customer configured QA login","cross-role","BLOCKED","DATA-AUTH-001: old repository QA credential returns 401; no additional password guesses","2026-09-13T15-57-52-705Z/api-results.json"
"QA-0475","Backend/API","QA authentication","plumber configured QA login","cross-role","BLOCKED","DATA-AUTH-001: old repository QA credential returns 401; no additional password guesses","2026-09-13T15-57-52-705Z/api-results.json"
"QA-0476","Backend/API","QA authentication","store configured QA login","cross-role","BLOCKED","DATA-AUTH-001: old repository QA credential returns 401; no additional password guesses","2026-09-13T15-57-52-705Z/api-results.json"
"QA-0477","Backend/API","QA authentication","admin configured QA login","cross-role","BLOCKED","DATA-AUTH-001: old repository QA credential returns 401; no additional password guesses","2026-09-13T15-57-52-705Z/api-results.json"
"QA-0478","Backend/API","Authenticated contracts","Authenticated identity","cross-role","BLOCKED","No authenticated browser session: incorrect backend/CORS and unusable repository QA credential; do not bypass.",""
"QA-0479","Backend/API","Authenticated contracts","Role permissions","cross-role","BLOCKED","No authenticated browser session: incorrect backend/CORS and unusable repository QA credential; do not bypass.",""
"QA-0480","Backend/API","Authenticated contracts","Order mutation validation","cross-role","BLOCKED","No authenticated browser session: incorrect backend/CORS and unusable repository QA credential; do not bypass.",""
"QA-0481","Backend/API","Authenticated contracts","Material mutation validation","cross-role","BLOCKED","No authenticated browser session: incorrect backend/CORS and unusable repository QA credential; do not bypass.",""
"QA-0482","Backend/API","Authenticated contracts","Inventory mutation validation","cross-role","BLOCKED","No authenticated browser session: incorrect backend/CORS and unusable repository QA credential; do not bypass.",""
"QA-0483","Backend/API","Authenticated contracts","Profile mutation validation","cross-role","BLOCKED","No authenticated browser session: incorrect backend/CORS and unusable repository QA credential; do not bypass.",""
"QA-0484","Backend/API","Authenticated contracts","Address mutation validation","cross-role","BLOCKED","No authenticated browser session: incorrect backend/CORS and unusable repository QA credential; do not bypass.",""
"QA-0485","Backend/API","Authenticated contracts","Rating validation","cross-role","BLOCKED","No authenticated browser session: incorrect backend/CORS and unusable repository QA credential; do not bypass.",""
"QA-0486","Backend/API","Authenticated contracts","Upload contract runtime","cross-role","BLOCKED","No authenticated browser session: incorrect backend/CORS and unusable repository QA credential; do not bypass.",""
"QA-0487","Backend/API","Authenticated contracts","Paginated business data","cross-role","BLOCKED","No authenticated browser session: incorrect backend/CORS and unusable repository QA credential; do not bypass.",""
"QA-0488","Backend/API","Authenticated contracts","Actual supported state transitions","cross-role","BLOCKED","No authenticated browser session: incorrect backend/CORS and unusable repository QA credential; do not bypass.",""
"QA-0489","Security","Authenticated authorization","Customer A to B","cross-role","BLOCKED","No authenticated browser session: incorrect backend/CORS and unusable repository QA credential; do not bypass.",""
"QA-0490","Security","Authenticated authorization","Plumber A to B","cross-role","BLOCKED","No authenticated browser session: incorrect backend/CORS and unusable repository QA credential; do not bypass.",""
"QA-0491","Security","Authenticated authorization","Customer to plumber APIs","cross-role","BLOCKED","No authenticated browser session: incorrect backend/CORS and unusable repository QA credential; do not bypass.",""
"QA-0492","Security","Authenticated authorization","Customer to store APIs","cross-role","BLOCKED","No authenticated browser session: incorrect backend/CORS and unusable repository QA credential; do not bypass.",""
"QA-0493","Security","Authenticated authorization","Plumber stock update","cross-role","BLOCKED","No authenticated browser session: incorrect backend/CORS and unusable repository QA credential; do not bypass.",""
"QA-0494","Security","Authenticated authorization","Customer stock update","cross-role","BLOCKED","No authenticated browser session: incorrect backend/CORS and unusable repository QA credential; do not bypass.",""
"QA-0495","Security","Authenticated authorization","Store to admin APIs","cross-role","BLOCKED","No authenticated browser session: incorrect backend/CORS and unusable repository QA credential; do not bypass.",""
"QA-0496","Security","Authenticated authorization","Store A to store B","cross-role","BLOCKED","No authenticated browser session: incorrect backend/CORS and unusable repository QA credential; do not bypass.",""
"QA-0497","Security","Authenticated authorization","Finance least privilege","cross-role","BLOCKED","No authenticated browser session: incorrect backend/CORS and unusable repository QA credential; do not bypass.",""
"QA-0498","Security","Authenticated authorization","Support least privilege","cross-role","BLOCKED","No authenticated browser session: incorrect backend/CORS and unusable repository QA credential; do not bypass.",""
"QA-0499","Security","Authenticated authorization","Plumber manager least privilege","cross-role","BLOCKED","No authenticated browser session: incorrect backend/CORS and unusable repository QA credential; do not bypass.",""
"QA-0500","Security","Authenticated authorization","Operations least privilege","cross-role","BLOCKED","No authenticated browser session: incorrect backend/CORS and unusable repository QA credential; do not bypass.",""
"QA-0501","Security","Authenticated authorization","Marketing least privilege","cross-role","BLOCKED","No authenticated browser session: incorrect backend/CORS and unusable repository QA credential; do not bypass.",""
"QA-0502","Security","Authenticated authorization","Client role tamper rejection","cross-role","BLOCKED","No authenticated browser session: incorrect backend/CORS and unusable repository QA credential; do not bypass.",""
"QA-0503","Security","Session","Actual JWT storage","cross-role","BLOCKED","No authenticated browser session: incorrect backend/CORS and unusable repository QA credential; do not bypass.",""
"QA-0504","Security","Session","Refresh handling","cross-role","BLOCKED","No authenticated browser session: incorrect backend/CORS and unusable repository QA credential; do not bypass.",""
"QA-0505","Security","Session","Logout invalidation","cross-role","BLOCKED","No authenticated browser session: incorrect backend/CORS and unusable repository QA credential; do not bypass.",""
"QA-0506","Security","Session","Old refresh reuse","cross-role","BLOCKED","No authenticated browser session: incorrect backend/CORS and unusable repository QA credential; do not bypass.",""
"QA-0507","Security","Session","Refresh rotation","cross-role","BLOCKED","No authenticated browser session: incorrect backend/CORS and unusable repository QA credential; do not bypass.",""
"QA-0508","Security","Session","Session persistence","cross-role","BLOCKED","No authenticated browser session: incorrect backend/CORS and unusable repository QA credential; do not bypass.",""
"QA-0509","Security","Session","Real expired token","cross-role","BLOCKED","No authenticated browser session: incorrect backend/CORS and unusable repository QA credential; do not bypass.",""
"QA-0510","Security","Session","Real invalid signature","cross-role","BLOCKED","No authenticated browser session: incorrect backend/CORS and unusable repository QA credential; do not bypass.",""
"QA-0511","Security","Session","Token in URL","cross-role","BLOCKED","No authenticated browser session: incorrect backend/CORS and unusable repository QA credential; do not bypass.",""
"QA-0512","Security","Session","Token in console","cross-role","BLOCKED","No authenticated browser session: incorrect backend/CORS and unusable repository QA credential; do not bypass.",""
"QA-0513","Security","Session","Token in HTML","cross-role","BLOCKED","No authenticated browser session: incorrect backend/CORS and unusable repository QA credential; do not bypass.",""
"QA-0514","Security","Session","Token in error","cross-role","BLOCKED","No authenticated browser session: incorrect backend/CORS and unusable repository QA credential; do not bypass.",""
"QA-0515","Security","Session","Authenticated cache controls","cross-role","BLOCKED","No authenticated browser session: incorrect backend/CORS and unusable repository QA credential; do not bypass.",""
"QA-0516","Security","Stored/reflected input","Name XSS","cross-role","BLOCKED","No authenticated browser session: incorrect backend/CORS and unusable repository QA credential; do not bypass.",""
"QA-0517","Security","Stored/reflected input","Address XSS","cross-role","BLOCKED","No authenticated browser session: incorrect backend/CORS and unusable repository QA credential; do not bypass.",""
"QA-0518","Security","Stored/reflected input","Service description XSS","cross-role","BLOCKED","No authenticated browser session: incorrect backend/CORS and unusable repository QA credential; do not bypass.",""
"QA-0519","Security","Stored/reflected input","Review XSS","cross-role","BLOCKED","No authenticated browser session: incorrect backend/CORS and unusable repository QA credential; do not bypass.",""
"QA-0520","Security","Stored/reflected input","Product/search UI XSS","cross-role","BLOCKED","No authenticated browser session: incorrect backend/CORS and unusable repository QA credential; do not bypass.",""
"QA-0521","Security","Stored/reflected input","Profile XSS","cross-role","BLOCKED","No authenticated browser session: incorrect backend/CORS and unusable repository QA credential; do not bypass.",""
"QA-0522","Security","Stored/reflected input","Chat XSS","cross-role","BLOCKED","No authenticated browser session: incorrect backend/CORS and unusable repository QA credential; do not bypass.",""
"QA-0523","Security","Stored/reflected input","Admin rendering XSS","cross-role","BLOCKED","No authenticated browser session: incorrect backend/CORS and unusable repository QA credential; do not bypass.",""
"QA-0524","Security","Stored/reflected input","Authenticated SQL probes","cross-role","BLOCKED","No authenticated browser session: incorrect backend/CORS and unusable repository QA credential; do not bypass.",""
"QA-0525","Security","Abuse controls","Login rate-limit threshold","cross-role","NOT TESTED","Only a small bounded sample was sent. No brute force or rate-limit threshold test; absence of 429 proves nothing",""
"QA-0526","Security","Abuse controls","OTP rate limit","cross-role","NOT TESTED","Only a small bounded sample was sent. No brute force or rate-limit threshold test; absence of 429 proves nothing",""
"QA-0527","Security","Abuse controls","Resend rate limit","cross-role","NOT TESTED","Only a small bounded sample was sent. No brute force or rate-limit threshold test; absence of 429 proves nothing",""
"QA-0528","Security","Abuse controls","Reset rate limit","cross-role","NOT TESTED","Only a small bounded sample was sent. No brute force or rate-limit threshold test; absence of 429 proves nothing",""
"QA-0529","Security","Transport/headers","HTTPS on verified frontends and backend","cross-role","PASS","Observed response headers; optional missing headers are observations","2026-09-13T15-49-28-895Z/baseline.json; 2026-09-13T15-57-52-705Z/api-results.json"
"QA-0530","Security","Transport/headers","Backend HSTS nosniff frame protection","cross-role","PASS","Observed response headers; optional missing headers are observations","2026-09-13T15-49-28-895Z/baseline.json; 2026-09-13T15-57-52-705Z/api-results.json"
"QA-0531","Security","Transport/headers","Untrusted-origin preflight rejection","cross-role","PASS","Observed response headers; optional missing headers are observations","2026-09-13T15-49-28-895Z/baseline.json; 2026-09-13T15-57-52-705Z/api-results.json"
"QA-0532","Security","Transport/headers","CSP exploitation path","cross-role","NOT TESTED","Frontends lack CSP; no viable exploit established; absence alone is not a vulnerability",""
"QA-0533","Accessibility","Customer login","Automated WCAG A/AA scan","cross-role","PASS","No axe violations in selected rules; not a full accessibility pass","2026-09-13T16-00-43-794Z/customer-login-axe.json"
"QA-0534","Responsive","Customer login","360x800","cross-role","PASS","DOM horizontal overflow check plus captured screenshot; all visual dimensions not automatically certified","2026-09-13T16-00-43-794Z/customer-login-responsive.json"
"QA-0535","Responsive","Customer login","390x844","cross-role","PASS","DOM horizontal overflow check plus captured screenshot; all visual dimensions not automatically certified","2026-09-13T16-00-43-794Z/customer-login-responsive.json"
"QA-0536","Responsive","Customer login","412x915","cross-role","PASS","DOM horizontal overflow check plus captured screenshot; all visual dimensions not automatically certified","2026-09-13T16-00-43-794Z/customer-login-responsive.json"
"QA-0537","Responsive","Customer login","768x1024","cross-role","PASS","DOM horizontal overflow check plus captured screenshot; all visual dimensions not automatically certified","2026-09-13T16-00-43-794Z/customer-login-responsive.json"
"QA-0538","Responsive","Customer login","1024x768","cross-role","PASS","DOM horizontal overflow check plus captured screenshot; all visual dimensions not automatically certified","2026-09-13T16-00-43-794Z/customer-login-responsive.json"
"QA-0539","Responsive","Customer login","1366x768","cross-role","PASS","DOM horizontal overflow check plus captured screenshot; all visual dimensions not automatically certified","2026-09-13T16-00-43-794Z/customer-login-responsive.json"
"QA-0540","Responsive","Customer login","1440x900","cross-role","PASS","DOM horizontal overflow check plus captured screenshot; all visual dimensions not automatically certified","2026-09-13T16-00-43-794Z/customer-login-responsive.json"
"QA-0541","Responsive","Customer login","1920x1080","cross-role","PASS","DOM horizontal overflow check plus captured screenshot; all visual dimensions not automatically certified","2026-09-13T16-00-43-794Z/customer-login-responsive.json"
"QA-0542","Accessibility","Customer registration","Automated WCAG A/AA scan","cross-role","PASS","No axe violations in selected rules; not a full accessibility pass","2026-09-13T16-00-43-794Z/customer-registration-axe.json"
"QA-0543","Responsive","Customer registration","360x800","cross-role","PASS","DOM horizontal overflow check plus captured screenshot; all visual dimensions not automatically certified","2026-09-13T16-00-43-794Z/customer-registration-responsive.json"
"QA-0544","Responsive","Customer registration","390x844","cross-role","PASS","DOM horizontal overflow check plus captured screenshot; all visual dimensions not automatically certified","2026-09-13T16-00-43-794Z/customer-registration-responsive.json"
"QA-0545","Responsive","Customer registration","412x915","cross-role","PASS","DOM horizontal overflow check plus captured screenshot; all visual dimensions not automatically certified","2026-09-13T16-00-43-794Z/customer-registration-responsive.json"
"QA-0546","Responsive","Customer registration","768x1024","cross-role","PASS","DOM horizontal overflow check plus captured screenshot; all visual dimensions not automatically certified","2026-09-13T16-00-43-794Z/customer-registration-responsive.json"
"QA-0547","Responsive","Customer registration","1024x768","cross-role","PASS","DOM horizontal overflow check plus captured screenshot; all visual dimensions not automatically certified","2026-09-13T16-00-43-794Z/customer-registration-responsive.json"
"QA-0548","Responsive","Customer registration","1366x768","cross-role","PASS","DOM horizontal overflow check plus captured screenshot; all visual dimensions not automatically certified","2026-09-13T16-00-43-794Z/customer-registration-responsive.json"
"QA-0549","Responsive","Customer registration","1440x900","cross-role","PASS","DOM horizontal overflow check plus captured screenshot; all visual dimensions not automatically certified","2026-09-13T16-00-43-794Z/customer-registration-responsive.json"
"QA-0550","Responsive","Customer registration","1920x1080","cross-role","PASS","DOM horizontal overflow check plus captured screenshot; all visual dimensions not automatically certified","2026-09-13T16-00-43-794Z/customer-registration-responsive.json"
"QA-0551","Accessibility","Plumber login","Automated WCAG A/AA scan","cross-role","FAIL","color-contrast (1)","2026-09-13T16-02-47-798Z/plumber-login-axe.json"
"QA-0552","Responsive","Plumber login","360x800","cross-role","PASS","DOM horizontal overflow check plus captured screenshot; all visual dimensions not automatically certified","2026-09-13T16-02-47-798Z/plumber-login-responsive.json"
"QA-0553","Responsive","Plumber login","390x844","cross-role","PASS","DOM horizontal overflow check plus captured screenshot; all visual dimensions not automatically certified","2026-09-13T16-02-47-798Z/plumber-login-responsive.json"
"QA-0554","Responsive","Plumber login","412x915","cross-role","PASS","DOM horizontal overflow check plus captured screenshot; all visual dimensions not automatically certified","2026-09-13T16-02-47-798Z/plumber-login-responsive.json"
"QA-0555","Responsive","Plumber login","768x1024","cross-role","PASS","DOM horizontal overflow check plus captured screenshot; all visual dimensions not automatically certified","2026-09-13T16-02-47-798Z/plumber-login-responsive.json"
"QA-0556","Responsive","Plumber login","1024x768","cross-role","PASS","DOM horizontal overflow check plus captured screenshot; all visual dimensions not automatically certified","2026-09-13T16-02-47-798Z/plumber-login-responsive.json"
"QA-0557","Responsive","Plumber login","1366x768","cross-role","PASS","DOM horizontal overflow check plus captured screenshot; all visual dimensions not automatically certified","2026-09-13T16-02-47-798Z/plumber-login-responsive.json"
"QA-0558","Responsive","Plumber login","1440x900","cross-role","PASS","DOM horizontal overflow check plus captured screenshot; all visual dimensions not automatically certified","2026-09-13T16-02-47-798Z/plumber-login-responsive.json"
"QA-0559","Responsive","Plumber login","1920x1080","cross-role","PASS","DOM horizontal overflow check plus captured screenshot; all visual dimensions not automatically certified","2026-09-13T16-02-47-798Z/plumber-login-responsive.json"
"QA-0560","Accessibility","Plumber registration","Automated WCAG A/AA scan","cross-role","FAIL","label (5)","2026-09-13T16-05-36-434Z/plumber-registration-axe.json"
"QA-0561","Responsive","Plumber registration","360x800","cross-role","PASS","DOM horizontal overflow check plus captured screenshot; all visual dimensions not automatically certified","2026-09-13T16-05-36-434Z/plumber-registration-responsive.json"
"QA-0562","Responsive","Plumber registration","390x844","cross-role","PASS","DOM horizontal overflow check plus captured screenshot; all visual dimensions not automatically certified","2026-09-13T16-05-36-434Z/plumber-registration-responsive.json"
"QA-0563","Responsive","Plumber registration","412x915","cross-role","PASS","DOM horizontal overflow check plus captured screenshot; all visual dimensions not automatically certified","2026-09-13T16-05-36-434Z/plumber-registration-responsive.json"
"QA-0564","Responsive","Plumber registration","768x1024","cross-role","PASS","DOM horizontal overflow check plus captured screenshot; all visual dimensions not automatically certified","2026-09-13T16-05-36-434Z/plumber-registration-responsive.json"
"QA-0565","Responsive","Plumber registration","1024x768","cross-role","PASS","DOM horizontal overflow check plus captured screenshot; all visual dimensions not automatically certified","2026-09-13T16-05-36-434Z/plumber-registration-responsive.json"
"QA-0566","Responsive","Plumber registration","1366x768","cross-role","PASS","DOM horizontal overflow check plus captured screenshot; all visual dimensions not automatically certified","2026-09-13T16-05-36-434Z/plumber-registration-responsive.json"
"QA-0567","Responsive","Plumber registration","1440x900","cross-role","PASS","DOM horizontal overflow check plus captured screenshot; all visual dimensions not automatically certified","2026-09-13T16-05-36-434Z/plumber-registration-responsive.json"
"QA-0568","Responsive","Plumber registration","1920x1080","cross-role","PASS","DOM horizontal overflow check plus captured screenshot; all visual dimensions not automatically certified","2026-09-13T16-05-36-434Z/plumber-registration-responsive.json"
"QA-0569","Accessibility","Plumber otp","Automated WCAG A/AA scan","cross-role","FAIL","color-contrast (1); label (6)","2026-09-13T16-05-36-434Z/plumber-otp-axe.json"
"QA-0570","Responsive","Plumber otp","360x800","cross-role","PASS","DOM horizontal overflow check plus captured screenshot; all visual dimensions not automatically certified","2026-09-13T16-05-36-434Z/plumber-otp-responsive.json"
"QA-0571","Responsive","Plumber otp","390x844","cross-role","PASS","DOM horizontal overflow check plus captured screenshot; all visual dimensions not automatically certified","2026-09-13T16-05-36-434Z/plumber-otp-responsive.json"
"QA-0572","Responsive","Plumber otp","412x915","cross-role","PASS","DOM horizontal overflow check plus captured screenshot; all visual dimensions not automatically certified","2026-09-13T16-05-36-434Z/plumber-otp-responsive.json"
"QA-0573","Responsive","Plumber otp","768x1024","cross-role","PASS","DOM horizontal overflow check plus captured screenshot; all visual dimensions not automatically certified","2026-09-13T16-05-36-434Z/plumber-otp-responsive.json"
"QA-0574","Responsive","Plumber otp","1024x768","cross-role","PASS","DOM horizontal overflow check plus captured screenshot; all visual dimensions not automatically certified","2026-09-13T16-05-36-434Z/plumber-otp-responsive.json"
"QA-0575","Responsive","Plumber otp","1366x768","cross-role","PASS","DOM horizontal overflow check plus captured screenshot; all visual dimensions not automatically certified","2026-09-13T16-05-36-434Z/plumber-otp-responsive.json"
"QA-0576","Responsive","Plumber otp","1440x900","cross-role","PASS","DOM horizontal overflow check plus captured screenshot; all visual dimensions not automatically certified","2026-09-13T16-05-36-434Z/plumber-otp-responsive.json"
"QA-0577","Responsive","Plumber otp","1920x1080","cross-role","PASS","DOM horizontal overflow check plus captured screenshot; all visual dimensions not automatically certified","2026-09-13T16-05-36-434Z/plumber-otp-responsive.json"
"QA-0578","Accessibility","Store login","Automated WCAG A/AA scan","cross-role","PASS","No axe violations in selected rules; not a full accessibility pass","2026-09-13T16-00-43-794Z/store-login-axe.json"
"QA-0579","Responsive","Store login","360x800","cross-role","PASS","DOM horizontal overflow check plus captured screenshot; all visual dimensions not automatically certified","2026-09-13T16-00-43-794Z/store-login-responsive.json"
"QA-0580","Responsive","Store login","390x844","cross-role","PASS","DOM horizontal overflow check plus captured screenshot; all visual dimensions not automatically certified","2026-09-13T16-00-43-794Z/store-login-responsive.json"
"QA-0581","Responsive","Store login","412x915","cross-role","PASS","DOM horizontal overflow check plus captured screenshot; all visual dimensions not automatically certified","2026-09-13T16-00-43-794Z/store-login-responsive.json"
"QA-0582","Responsive","Store login","768x1024","cross-role","PASS","DOM horizontal overflow check plus captured screenshot; all visual dimensions not automatically certified","2026-09-13T16-00-43-794Z/store-login-responsive.json"
"QA-0583","Responsive","Store login","1024x768","cross-role","PASS","DOM horizontal overflow check plus captured screenshot; all visual dimensions not automatically certified","2026-09-13T16-00-43-794Z/store-login-responsive.json"
"QA-0584","Responsive","Store login","1366x768","cross-role","PASS","DOM horizontal overflow check plus captured screenshot; all visual dimensions not automatically certified","2026-09-13T16-00-43-794Z/store-login-responsive.json"
"QA-0585","Responsive","Store login","1440x900","cross-role","PASS","DOM horizontal overflow check plus captured screenshot; all visual dimensions not automatically certified","2026-09-13T16-00-43-794Z/store-login-responsive.json"
"QA-0586","Responsive","Store login","1920x1080","cross-role","PASS","DOM horizontal overflow check plus captured screenshot; all visual dimensions not automatically certified","2026-09-13T16-00-43-794Z/store-login-responsive.json"
"QA-0587","Accessibility","Store registration","Automated WCAG A/AA scan","cross-role","FAIL","label (9)","2026-09-13T16-00-43-794Z/store-registration-axe.json"
"QA-0588","Responsive","Store registration","360x800","cross-role","PASS","DOM horizontal overflow check plus captured screenshot; all visual dimensions not automatically certified","2026-09-13T16-00-43-794Z/store-registration-responsive.json"
"QA-0589","Responsive","Store registration","390x844","cross-role","PASS","DOM horizontal overflow check plus captured screenshot; all visual dimensions not automatically certified","2026-09-13T16-00-43-794Z/store-registration-responsive.json"
"QA-0590","Responsive","Store registration","412x915","cross-role","PASS","DOM horizontal overflow check plus captured screenshot; all visual dimensions not automatically certified","2026-09-13T16-00-43-794Z/store-registration-responsive.json"
"QA-0591","Responsive","Store registration","768x1024","cross-role","PASS","DOM horizontal overflow check plus captured screenshot; all visual dimensions not automatically certified","2026-09-13T16-00-43-794Z/store-registration-responsive.json"
"QA-0592","Responsive","Store registration","1024x768","cross-role","PASS","DOM horizontal overflow check plus captured screenshot; all visual dimensions not automatically certified","2026-09-13T16-00-43-794Z/store-registration-responsive.json"
"QA-0593","Responsive","Store registration","1366x768","cross-role","PASS","DOM horizontal overflow check plus captured screenshot; all visual dimensions not automatically certified","2026-09-13T16-00-43-794Z/store-registration-responsive.json"
"QA-0594","Responsive","Store registration","1440x900","cross-role","PASS","DOM horizontal overflow check plus captured screenshot; all visual dimensions not automatically certified","2026-09-13T16-00-43-794Z/store-registration-responsive.json"
"QA-0595","Responsive","Store registration","1920x1080","cross-role","PASS","DOM horizontal overflow check plus captured screenshot; all visual dimensions not automatically certified","2026-09-13T16-00-43-794Z/store-registration-responsive.json"
"QA-0596","Accessibility","Admin login","Automated WCAG A/AA scan","cross-role","PASS","No axe violations in selected rules; not a full accessibility pass","2026-09-13T16-00-43-794Z/admin-login-axe.json"
"QA-0597","Responsive","Admin login","360x800","cross-role","PASS","DOM horizontal overflow check plus captured screenshot; all visual dimensions not automatically certified","2026-09-13T16-00-43-794Z/admin-login-responsive.json"
"QA-0598","Responsive","Admin login","390x844","cross-role","PASS","DOM horizontal overflow check plus captured screenshot; all visual dimensions not automatically certified","2026-09-13T16-00-43-794Z/admin-login-responsive.json"
"QA-0599","Responsive","Admin login","412x915","cross-role","PASS","DOM horizontal overflow check plus captured screenshot; all visual dimensions not automatically certified","2026-09-13T16-00-43-794Z/admin-login-responsive.json"
"QA-0600","Responsive","Admin login","768x1024","cross-role","PASS","DOM horizontal overflow check plus captured screenshot; all visual dimensions not automatically certified","2026-09-13T16-00-43-794Z/admin-login-responsive.json"
"QA-0601","Responsive","Admin login","1024x768","cross-role","PASS","DOM horizontal overflow check plus captured screenshot; all visual dimensions not automatically certified","2026-09-13T16-00-43-794Z/admin-login-responsive.json"
"QA-0602","Responsive","Admin login","1366x768","cross-role","PASS","DOM horizontal overflow check plus captured screenshot; all visual dimensions not automatically certified","2026-09-13T16-00-43-794Z/admin-login-responsive.json"
"QA-0603","Responsive","Admin login","1440x900","cross-role","PASS","DOM horizontal overflow check plus captured screenshot; all visual dimensions not automatically certified","2026-09-13T16-00-43-794Z/admin-login-responsive.json"
"QA-0604","Responsive","Admin login","1920x1080","cross-role","PASS","DOM horizontal overflow check plus captured screenshot; all visual dimensions not automatically certified","2026-09-13T16-00-43-794Z/admin-login-responsive.json"
"QA-0605","Accessibility","Keyboard/semantics","Public login Tab/Shift+Tab focus reaches inputs and main button","cross-role","PASS","Observed focus trace; not complete keyboard accessibility","2026-09-13T16-00-43-794Z/*-keyboard.json; 2026-09-13T16-02-47-798Z/plumber-login-keyboard.json"
"QA-0606","Accessibility","Keyboard/semantics","Plumber sign-up keyboard semantics","cross-role","FAIL","Interactive visual controls lack appropriate role/state; signup span absent from captured tab loop","2026-09-13T16-02-47-798Z/plumber-login-keyboard.json; 2026-09-13T16-02-47-798Z/plumber-05-login.json"
"QA-0607","Accessibility","Keyboard/semantics","Remember-me checkbox semantics and checked state","cross-role","FAIL","Interactive visual controls lack appropriate role/state; signup span absent from captured tab loop","2026-09-13T16-02-47-798Z/plumber-login-keyboard.json; 2026-09-13T16-02-47-798Z/plumber-05-login.json"
"QA-0608","Accessibility","Keyboard/semantics","Mobile/email tab selected semantics","cross-role","FAIL","Interactive visual controls lack appropriate role/state; signup span absent from captured tab loop","2026-09-13T16-02-47-798Z/plumber-login-keyboard.json; 2026-09-13T16-02-47-798Z/plumber-05-login.json"
"QA-0609","Accessibility","Keyboard/semantics","Screen reader manual audit","cross-role","NOT TESTED","No screen reader run or complete manual focus/target audit; native dialogs auto-dismissed during capture",""
"QA-0610","Accessibility","Keyboard/semantics","Modal focus trapping","cross-role","NOT TESTED","No screen reader run or complete manual focus/target audit; native dialogs auto-dismissed during capture",""
"QA-0611","Accessibility","Keyboard/semantics","Modal focus restoration","cross-role","NOT TESTED","No screen reader run or complete manual focus/target audit; native dialogs auto-dismissed during capture",""
"QA-0612","Accessibility","Keyboard/semantics","Escape dismissal","cross-role","NOT TESTED","No screen reader run or complete manual focus/target audit; native dialogs auto-dismissed during capture",""
"QA-0613","Accessibility","Keyboard/semantics","Touch-target spacing comprehensive","cross-role","NOT TESTED","No screen reader run or complete manual focus/target audit; native dialogs auto-dismissed during capture",""
"QA-0614","Accessibility","Keyboard/semantics","Heading/landmark manual audit","cross-role","NOT TESTED","No screen reader run or complete manual focus/target audit; native dialogs auto-dismissed during capture",""
"QA-0615","Accessibility","Reduced motion","Public reduced-motion media observation","cross-role","PASS","Preference emulated and animation state captured; not proof all JS motion honors it","2026-09-13T16-00-43-794Z/*-reduced-motion.json"
"QA-0616","Accessibility","Authenticated screens","Keyboard","cross-role","BLOCKED","No authenticated browser session: incorrect backend/CORS and unusable repository QA credential; do not bypass.",""
"QA-0617","Accessibility","Authenticated screens","Labels","cross-role","BLOCKED","No authenticated browser session: incorrect backend/CORS and unusable repository QA credential; do not bypass.",""
"QA-0618","Accessibility","Authenticated screens","Forms","cross-role","BLOCKED","No authenticated browser session: incorrect backend/CORS and unusable repository QA credential; do not bypass.",""
"QA-0619","Accessibility","Authenticated screens","Contrast","cross-role","BLOCKED","No authenticated browser session: incorrect backend/CORS and unusable repository QA credential; do not bypass.",""
"QA-0620","Accessibility","Authenticated screens","Focus","cross-role","BLOCKED","No authenticated browser session: incorrect backend/CORS and unusable repository QA credential; do not bypass.",""
"QA-0621","Accessibility","Authenticated screens","Touch targets","cross-role","BLOCKED","No authenticated browser session: incorrect backend/CORS and unusable repository QA credential; do not bypass.",""
"QA-0622","Accessibility","Authenticated screens","Reduced motion","cross-role","BLOCKED","No authenticated browser session: incorrect backend/CORS and unusable repository QA credential; do not bypass.",""
"QA-0623","Responsive","Authenticated major screens","360x800","cross-role","BLOCKED","No authenticated browser session: incorrect backend/CORS and unusable repository QA credential; do not bypass.",""
"QA-0624","Responsive","Authenticated major screens","390x844","cross-role","BLOCKED","No authenticated browser session: incorrect backend/CORS and unusable repository QA credential; do not bypass.",""
"QA-0625","Responsive","Authenticated major screens","412x915","cross-role","BLOCKED","No authenticated browser session: incorrect backend/CORS and unusable repository QA credential; do not bypass.",""
"QA-0626","Responsive","Authenticated major screens","768x1024","cross-role","BLOCKED","No authenticated browser session: incorrect backend/CORS and unusable repository QA credential; do not bypass.",""
"QA-0627","Responsive","Authenticated major screens","1024x768","cross-role","BLOCKED","No authenticated browser session: incorrect backend/CORS and unusable repository QA credential; do not bypass.",""
"QA-0628","Responsive","Authenticated major screens","1366x768","cross-role","BLOCKED","No authenticated browser session: incorrect backend/CORS and unusable repository QA credential; do not bypass.",""
"QA-0629","Responsive","Authenticated major screens","1440x900","cross-role","BLOCKED","No authenticated browser session: incorrect backend/CORS and unusable repository QA credential; do not bypass.",""
"QA-0630","Responsive","Authenticated major screens","1920x1080","cross-role","BLOCKED","No authenticated browser session: incorrect backend/CORS and unusable repository QA credential; do not bypass.",""
"QA-0631","Responsive","Chrome zoom","80%","cross-role","NOT TESTED","Actual Chrome browser zoom was not exercised; viewport resizing is not substituted for browser zoom",""
"QA-0632","Responsive","Chrome zoom","100% explicit browser zoom","cross-role","NOT TESTED","Actual Chrome browser zoom was not exercised; viewport resizing is not substituted for browser zoom",""
"QA-0633","Responsive","Chrome zoom","125%","cross-role","NOT TESTED","Actual Chrome browser zoom was not exercised; viewport resizing is not substituted for browser zoom",""
"QA-0634","Responsive","Chrome zoom","150%","cross-role","NOT TESTED","Actual Chrome browser zoom was not exercised; viewport resizing is not substituted for browser zoom",""
"QA-0635","Responsive","Chrome zoom","200%","cross-role","NOT TESTED","Actual Chrome browser zoom was not exercised; viewport resizing is not substituted for browser zoom",""
"QA-0636","Responsive","Additional public screens","Onboarding all eight sizes","cross-role","NOT TESTED","Captured representative public layouts; these two variants not independently swept at every viewport",""
"QA-0637","Responsive","Additional public screens","Plumber mobile-login all eight sizes","cross-role","NOT TESTED","Captured representative public layouts; these two variants not independently swept at every viewport",""
"QA-0638","Integration","Error handling","Authenticated 400","cross-role","BLOCKED","No authenticated browser session: incorrect backend/CORS and unusable repository QA credential; do not bypass.",""
"QA-0639","Integration","Error handling","Authenticated 401","cross-role","BLOCKED","No authenticated browser session: incorrect backend/CORS and unusable repository QA credential; do not bypass.",""
"QA-0640","Integration","Error handling","Authenticated 403","cross-role","BLOCKED","No authenticated browser session: incorrect backend/CORS and unusable repository QA credential; do not bypass.",""
"QA-0641","Integration","Error handling","Business 404","cross-role","BLOCKED","No authenticated browser session: incorrect backend/CORS and unusable repository QA credential; do not bypass.",""
"QA-0642","Integration","Error handling","Business 409","cross-role","BLOCKED","No authenticated browser session: incorrect backend/CORS and unusable repository QA credential; do not bypass.",""
"QA-0643","Integration","Error handling","Natural business 500","cross-role","BLOCKED","No authenticated browser session: incorrect backend/CORS and unusable repository QA credential; do not bypass.",""
"QA-0644","Integration","Error handling","Slow authenticated API","cross-role","BLOCKED","No authenticated browser session: incorrect backend/CORS and unusable repository QA credential; do not bypass.",""
"QA-0645","Integration","Error handling","Empty authenticated API response","cross-role","BLOCKED","No authenticated browser session: incorrect backend/CORS and unusable repository QA credential; do not bypass.",""
"QA-0646","Backend/API","Performance","Warm catalog and health latency sample","cross-role","PASS","Read-only normal-user samples; no formal load test","2026-09-13T16-07-04-118Z/checks.json"
